,datetime,state,last_changed,state_diff,strftime
0,2023-08-06 00:00:00,1597989.52,2023-08-06T00:00:062023-08-06T00:00:542023-08-06T00:01:002023-08-06T00:01:362023-08-06T00:02:112023-08-06T00:02:362023-08-06T00:03:052023-08-06T00:03:422023-08-06T00:04:242023-08-06T00:04:422023-08-06T00:05:122023-08-06T00:05:472023-08-06T00:06:302023-08-06T00:06:482023-08-06T00:07:122023-08-06T00:07:482023-08-06T00:08:182023-08-06T00:09:062023-08-06T00:09:232023-08-06T00:09:482023-08-06T00:10:172023-08-06T00:10:482023-08-06T00:11:122023-08-06T00:11:422023-08-06T00:12:062023-08-06T00:12:302023-08-06T00:12:542023-08-06T00:13:242023-08-06T00:13:482023-08-06T00:14:182023-08-06T00:14:542023-08-06T00:15:182023-08-06T00:15:422023-08-06T00:16:122023-08-06T00:16:362023-08-06T00:17:122023-08-06T00:17:362023-08-06T00:17:542023-08-06T00:18:242023-08-06T00:18:422023-08-06T00:19:122023-08-06T00:20:122023-08-06T00:20:302023-08-06T00:20:542023-08-06T00:21:182023-08-06T00:21:482023-08-06T00:22:242023-08-06T00:22:542023-08-06T00:23:002023-08-06T00:23:302023-08-06T00:23:542023-08-06T00:24:242023-08-06T00:25:002023-08-06T00:25:302023-08-06T00:25:482023-08-06T00:26:242023-08-06T00:26:542023-08-06T00:27:122023-08-06T00:27:422023-08-06T00:28:062023-08-06T00:28:422023-08-06T00:29:062023-08-06T00:29:482023-08-06T00:30:122023-08-06T00:30:362023-08-06T00:31:062023-08-06T00:31:362023-08-06T00:32:062023-08-06T00:32:422023-08-06T00:33:062023-08-06T00:33:422023-08-06T00:34:122023-08-06T00:34:422023-08-06T00:35:302023-08-06T00:35:482023-08-06T00:36:422023-08-06T00:37:122023-08-06T00:37:422023-08-06T00:38:302023-08-06T00:38:482023-08-06T00:39:242023-08-06T00:39:482023-08-06T00:40:182023-08-06T00:40:482023-08-06T00:41:182023-08-06T00:42:002023-08-06T00:42:182023-08-06T00:42:542023-08-06T00:43:242023-08-06T00:43:542023-08-06T00:44:242023-08-06T00:45:002023-08-06T00:45:302023-08-06T00:45:542023-08-06T00:46:242023-08-06T00:47:062023-08-06T00:48:302023-08-06T00:48:542023-08-06T00:49:242023-08-06T00:50:002023-08-06T00:50:242023-08-06T00:50:542023-08-06T00:51:242023-08-06T00:52:002023-08-06T00:52:182023-08-06T00:52:542023-08-06T00:53:242023-08-06T00:53:482023-08-06T00:54:242023-08-06T00:55:002023-08-06T00:55:242023-08-06T00:55:482023-08-06T00:56:212023-08-06T00:56:422023-08-06T00:57:182023-08-06T00:57:482023-08-06T00:58:302023-08-06T00:58:482023-08-06T00:59:182023-08-06T00:59:48,1.2300000000013824,12:00 AM
1,2023-08-06 01:00:00,1531547.25,2023-08-06T01:00:182023-08-06T01:00:482023-08-06T01:01:182023-08-06T01:02:002023-08-06T01:02:242023-08-06T01:03:002023-08-06T01:03:242023-08-06T01:04:122023-08-06T01:04:362023-08-06T01:05:002023-08-06T01:05:302023-08-06T01:06:062023-08-06T01:06:302023-08-06T01:07:062023-08-06T01:08:362023-08-06T01:09:062023-08-06T01:09:542023-08-06T01:10:122023-08-06T01:10:482023-08-06T01:11:122023-08-06T01:12:062023-08-06T01:12:182023-08-06T01:12:542023-08-06T01:13:242023-08-06T01:13:482023-08-06T01:14:182023-08-06T01:15:062023-08-06T01:15:242023-08-06T01:16:002023-08-06T01:16:242023-08-06T01:17:002023-08-06T01:17:362023-08-06T01:18:002023-08-06T01:18:302023-08-06T01:19:002023-08-06T01:19:302023-08-06T01:20:002023-08-06T01:20:302023-08-06T01:21:062023-08-06T01:21:422023-08-06T01:22:062023-08-06T01:22:362023-08-06T01:23:242023-08-06T01:23:362023-08-06T01:24:062023-08-06T01:24:302023-08-06T01:25:182023-08-06T01:25:302023-08-06T01:26:062023-08-06T01:26:302023-08-06T01:27:002023-08-06T01:27:302023-08-06T01:28:062023-08-06T01:28:302023-08-06T01:29:122023-08-06T01:29:422023-08-06T01:30:242023-08-06T01:30:302023-08-06T01:31:062023-08-06T01:31:482023-08-06T01:32:062023-08-06T01:32:362023-08-06T01:33:362023-08-06T01:34:122023-08-06T01:34:422023-08-06T01:35:122023-08-06T01:35:482023-08-06T01:36:302023-08-06T01:36:482023-08-06T01:37:242023-08-06T01:38:062023-08-06T01:38:242023-08-06T01:39:182023-08-06T01:39:302023-08-06T01:40:182023-08-06T01:40:422023-08-06T01:41:242023-08-06T01:41:542023-08-06T01:42:122023-08-06T01:42:422023-08-06T01:43:122023-08-06T01:43:542023-08-06T01:44:122023-08-06T01:44:422023-08-06T01:45:122023-08-06T01:45:482023-08-06T01:46:122023-08-06T01:46:482023-08-06T01:47:122023-08-06T01:47:422023-08-06T01:48:122023-08-06T01:48:422023-08-06T01:49:062023-08-06T01:49:362023-08-06T01:50:062023-08-06T01:50:362023-08-06T01:51:062023-08-06T01:51:302023-08-06T01:52:002023-08-06T01:52:302023-08-06T01:52:542023-08-06T01:53:242023-08-06T01:53:542023-08-06T01:54:482023-08-06T01:55:062023-08-06T01:55:242023-08-06T01:55:542023-08-06T01:56:242023-08-06T01:56:482023-08-06T01:57:182023-08-06T01:57:482023-08-06T01:58:122023-08-06T01:58:542023-08-06T01:59:062023-08-06T01:59:48,1.179999999998472,01:00 AM
2,2023-08-06 02:00:00,1558320.05,2023-08-06T02:00:002023-08-06T02:00:362023-08-06T02:00:542023-08-06T02:01:242023-08-06T02:01:482023-08-06T02:02:122023-08-06T02:02:422023-08-06T02:03:122023-08-06T02:03:362023-08-06T02:04:062023-08-06T02:04:362023-08-06T02:05:062023-08-06T02:05:302023-08-06T02:06:002023-08-06T02:06:362023-08-06T02:07:002023-08-06T02:07:302023-08-06T02:08:002023-08-06T02:08:302023-08-06T02:09:002023-08-06T02:09:362023-08-06T02:10:002023-08-06T02:10:302023-08-06T02:11:002023-08-06T02:11:302023-08-06T02:12:002023-08-06T02:12:482023-08-06T02:13:122023-08-06T02:13:362023-08-06T02:14:062023-08-06T02:14:362023-08-06T02:15:122023-08-06T02:15:362023-08-06T02:16:122023-08-06T02:16:482023-08-06T02:17:242023-08-06T02:17:422023-08-06T02:18:122023-08-06T02:18:422023-08-06T02:19:182023-08-06T02:19:542023-08-06T02:20:302023-08-06T02:20:482023-08-06T02:21:362023-08-06T02:21:482023-08-06T02:22:182023-08-06T02:23:002023-08-06T02:23:242023-08-06T02:23:542023-08-06T02:24:362023-08-06T02:25:002023-08-06T02:25:422023-08-06T02:26:002023-08-06T02:26:302023-08-06T02:27:002023-08-06T02:27:302023-08-06T02:28:002023-08-06T02:28:422023-08-06T02:29:062023-08-06T02:29:362023-08-06T02:30:062023-08-06T02:30:422023-08-06T02:31:122023-08-06T02:31:362023-08-06T02:32:122023-08-06T02:32:422023-08-06T02:33:122023-08-06T02:33:482023-08-06T02:34:062023-08-06T02:34:362023-08-06T02:35:062023-08-06T02:35:422023-08-06T02:36:062023-08-06T02:36:422023-08-06T02:37:062023-08-06T02:37:362023-08-06T02:38:122023-08-06T02:38:362023-08-06T02:39:182023-08-06T02:40:302023-08-06T02:40:362023-08-06T02:41:242023-08-06T02:41:422023-08-06T02:42:122023-08-06T02:42:362023-08-06T02:43:062023-08-06T02:43:422023-08-06T02:44:062023-08-06T02:44:362023-08-06T02:45:062023-08-06T02:45:422023-08-06T02:46:122023-08-06T02:46:362023-08-06T02:47:182023-08-06T02:47:422023-08-06T02:48:182023-08-06T02:48:482023-08-06T02:49:242023-08-06T02:49:492023-08-06T02:51:062023-08-06T02:51:242023-08-06T02:51:542023-08-06T02:52:182023-08-06T02:52:542023-08-06T02:53:252023-08-06T02:54:002023-08-06T02:54:242023-08-06T02:55:062023-08-06T02:55:242023-08-06T02:55:542023-08-06T02:56:242023-08-06T02:57:012023-08-06T02:57:422023-08-06T02:58:002023-08-06T02:58:362023-08-06T02:59:002023-08-06T02:59:30,1.1900000000005093,02:00 AM
3,2023-08-06 03:00:00,1598421.88,2023-08-06T03:00:002023-08-06T03:00:372023-08-06T03:01:062023-08-06T03:01:362023-08-06T03:02:062023-08-06T03:02:482023-08-06T03:03:192023-08-06T03:03:482023-08-06T03:04:182023-08-06T03:04:482023-08-06T03:05:122023-08-06T03:05:482023-08-06T03:06:242023-08-06T03:07:122023-08-06T03:07:242023-08-06T03:08:012023-08-06T03:08:182023-08-06T03:08:482023-08-06T03:09:182023-08-06T03:09:542023-08-06T03:10:182023-08-06T03:10:542023-08-06T03:11:252023-08-06T03:11:542023-08-06T03:12:242023-08-06T03:12:542023-08-06T03:13:252023-08-06T03:14:002023-08-06T03:14:192023-08-06T03:14:482023-08-06T03:15:362023-08-06T03:15:552023-08-06T03:16:492023-08-06T03:17:182023-08-06T03:17:482023-08-06T03:18:242023-08-06T03:18:492023-08-06T03:19:242023-08-06T03:19:482023-08-06T03:20:182023-08-06T03:20:492023-08-06T03:21:192023-08-06T03:21:482023-08-06T03:22:182023-08-06T03:22:482023-08-06T03:23:192023-08-06T03:23:542023-08-06T03:24:302023-08-06T03:24:552023-08-06T03:25:302023-08-06T03:25:542023-08-06T03:26:362023-08-06T03:26:552023-08-06T03:27:242023-08-06T03:28:242023-08-06T03:28:312023-08-06T03:29:002023-08-06T03:29:492023-08-06T03:30:062023-08-06T03:30:542023-08-06T03:31:062023-08-06T03:31:372023-08-06T03:32:072023-08-06T03:32:422023-08-06T03:33:182023-08-06T03:33:422023-08-06T03:34:122023-08-06T03:34:492023-08-06T03:35:182023-08-06T03:35:482023-08-06T03:36:192023-08-06T03:36:542023-08-06T03:37:182023-08-06T03:37:482023-08-06T03:38:182023-08-06T03:38:492023-08-06T03:39:192023-08-06T03:39:482023-08-06T03:40:302023-08-06T03:40:492023-08-06T03:41:242023-08-06T03:41:542023-08-06T03:42:252023-08-06T03:43:002023-08-06T03:43:312023-08-06T03:43:492023-08-06T03:44:182023-08-06T03:44:482023-08-06T03:45:192023-08-06T03:45:422023-08-06T03:46:132023-08-06T03:46:362023-08-06T03:47:072023-08-06T03:47:302023-08-06T03:47:542023-08-06T03:48:242023-08-06T03:48:552023-08-06T03:49:252023-08-06T03:49:492023-08-06T03:50:192023-08-06T03:50:432023-08-06T03:51:182023-08-06T03:51:372023-08-06T03:52:122023-08-06T03:52:312023-08-06T03:53:062023-08-06T03:53:252023-08-06T03:54:072023-08-06T03:54:242023-08-06T03:54:492023-08-06T03:55:182023-08-06T03:55:432023-08-06T03:56:192023-08-06T03:56:372023-08-06T03:57:062023-08-06T03:57:362023-08-06T03:58:132023-08-06T03:58:372023-08-06T03:59:072023-08-06T03:59:36,1.2100000000009459,03:00 AM
4,2023-08-06 04:00:00,1585246.38,2023-08-06T04:00:062023-08-06T04:00:492023-08-06T04:01:002023-08-06T04:01:362023-08-06T04:02:182023-08-06T04:02:432023-08-06T04:03:072023-08-06T04:03:312023-08-06T04:04:062023-08-06T04:04:312023-08-06T04:05:002023-08-06T04:05:252023-08-06T04:05:542023-08-06T04:06:312023-08-06T04:07:132023-08-06T04:07:252023-08-06T04:07:492023-08-06T04:08:242023-08-06T04:08:482023-08-06T04:09:182023-08-06T04:09:492023-08-06T04:10:192023-08-06T04:10:432023-08-06T04:11:302023-08-06T04:11:432023-08-06T04:12:122023-08-06T04:12:492023-08-06T04:13:182023-08-06T04:13:432023-08-06T04:14:122023-08-06T04:14:422023-08-06T04:15:132023-08-06T04:15:482023-08-06T04:16:132023-08-06T04:17:312023-08-06T04:18:072023-08-06T04:18:132023-08-06T04:18:422023-08-06T04:19:122023-08-06T04:19:492023-08-06T04:20:132023-08-06T04:20:372023-08-06T04:21:072023-08-06T04:21:372023-08-06T04:22:132023-08-06T04:22:312023-08-06T04:23:072023-08-06T04:23:312023-08-06T04:24:012023-08-06T04:24:312023-08-06T04:25:002023-08-06T04:25:372023-08-06T04:25:542023-08-06T04:26:252023-08-06T04:27:072023-08-06T04:27:252023-08-06T04:27:552023-08-06T04:28:192023-08-06T04:28:432023-08-06T04:29:132023-08-06T04:29:432023-08-06T04:30:072023-08-06T04:30:312023-08-06T04:30:552023-08-06T04:31:182023-08-06T04:32:002023-08-06T04:32:192023-08-06T04:32:542023-08-06T04:33:252023-08-06T04:34:372023-08-06T04:34:542023-08-06T04:35:312023-08-06T04:36:012023-08-06T04:36:312023-08-06T04:37:012023-08-06T04:37:312023-08-06T04:38:192023-08-06T04:38:372023-08-06T04:39:072023-08-06T04:39:372023-08-06T04:40:072023-08-06T04:40:552023-08-06T04:41:122023-08-06T04:41:492023-08-06T04:42:312023-08-06T04:42:552023-08-06T04:43:192023-08-06T04:44:012023-08-06T04:44:312023-08-06T04:45:072023-08-06T04:45:552023-08-06T04:47:012023-08-06T04:47:372023-08-06T04:47:552023-08-06T04:48:312023-08-06T04:49:372023-08-06T04:49:552023-08-06T04:50:192023-08-06T04:50:552023-08-06T04:51:132023-08-06T04:51:372023-08-06T04:52:012023-08-06T04:52:312023-08-06T04:52:432023-08-06T04:53:072023-08-06T04:53:312023-08-06T04:53:552023-08-06T04:54:132023-08-06T04:54:552023-08-06T04:55:012023-08-06T04:55:312023-08-06T04:56:012023-08-06T04:56:312023-08-06T04:57:012023-08-06T04:57:372023-08-06T04:58:072023-08-06T04:58:432023-08-06T04:59:312023-08-06T04:59:49,1.2399999999997817,04:00 AM
5,2023-08-06 05:00:00,1745272.21,2023-08-06T05:00:252023-08-06T05:00:552023-08-06T05:01:312023-08-06T05:02:072023-08-06T05:02:492023-08-06T05:03:372023-08-06T05:03:552023-08-06T05:04:312023-08-06T05:05:132023-08-06T05:05:492023-08-06T05:06:312023-08-06T05:07:012023-08-06T05:07:372023-08-06T05:08:072023-08-06T05:08:492023-08-06T05:09:132023-08-06T05:09:492023-08-06T05:10:312023-08-06T05:10:492023-08-06T05:11:312023-08-06T05:11:492023-08-06T05:12:192023-08-06T05:12:492023-08-06T05:13:192023-08-06T05:13:492023-08-06T05:14:132023-08-06T05:14:312023-08-06T05:15:012023-08-06T05:15:252023-08-06T05:15:492023-08-06T05:16:132023-08-06T05:16:492023-08-06T05:17:012023-08-06T05:17:252023-08-06T05:17:552023-08-06T05:18:192023-08-06T05:18:432023-08-06T05:19:132023-08-06T05:19:252023-08-06T05:20:012023-08-06T05:20:132023-08-06T05:20:372023-08-06T05:21:072023-08-06T05:21:192023-08-06T05:21:432023-08-06T05:22:012023-08-06T05:22:312023-08-06T05:22:432023-08-06T05:23:012023-08-06T05:23:252023-08-06T05:23:432023-08-06T05:24:072023-08-06T05:24:432023-08-06T05:25:012023-08-06T05:25:192023-08-06T05:25:372023-08-06T05:26:012023-08-06T05:26:192023-08-06T05:26:372023-08-06T05:26:552023-08-06T05:27:132023-08-06T05:27:312023-08-06T05:27:552023-08-06T05:28:132023-08-06T05:28:492023-08-06T05:29:012023-08-06T05:29:312023-08-06T05:30:012023-08-06T05:30:372023-08-06T05:31:012023-08-06T05:31:312023-08-06T05:32:012023-08-06T05:32:312023-08-06T05:32:552023-08-06T05:33:372023-08-06T05:33:492023-08-06T05:34:192023-08-06T05:34:492023-08-06T05:35:192023-08-06T05:35:432023-08-06T05:36:072023-08-06T05:36:432023-08-06T05:37:132023-08-06T05:37:312023-08-06T05:37:552023-08-06T05:38:192023-08-06T05:38:432023-08-06T05:39:072023-08-06T05:39:372023-08-06T05:40:072023-08-06T05:40:252023-08-06T05:40:492023-08-06T05:41:192023-08-06T05:41:492023-08-06T05:42:132023-08-06T05:42:372023-08-06T05:43:072023-08-06T05:43:492023-08-06T05:44:192023-08-06T05:44:492023-08-06T05:45:132023-08-06T05:45:432023-08-06T05:46:132023-08-06T05:47:012023-08-06T05:47:072023-08-06T05:47:432023-08-06T05:48:132023-08-06T05:48:372023-08-06T05:49:072023-08-06T05:49:372023-08-06T05:50:012023-08-06T05:50:312023-08-06T05:51:192023-08-06T05:51:432023-08-06T05:52:072023-08-06T05:52:312023-08-06T05:52:552023-08-06T05:53:312023-08-06T05:53:552023-08-06T05:54:312023-08-06T05:55:192023-08-06T05:55:312023-08-06T05:55:492023-08-06T05:56:192023-08-06T05:56:492023-08-06T05:57:192023-08-06T05:57:492023-08-06T05:58:132023-08-06T05:58:432023-08-06T05:59:132023-08-06T05:59:43,1.3299999999999272,05:00 AM
6,2023-08-06 06:00:00,1758770.46,2023-08-06T06:00:132023-08-06T06:00:372023-08-06T06:01:072023-08-06T06:01:312023-08-06T06:02:072023-08-06T06:02:372023-08-06T06:03:012023-08-06T06:03:372023-08-06T06:03:552023-08-06T06:04:252023-08-06T06:04:552023-08-06T06:05:252023-08-06T06:05:552023-08-06T06:06:312023-08-06T06:06:492023-08-06T06:07:132023-08-06T06:07:372023-08-06T06:08:072023-08-06T06:08:312023-08-06T06:08:552023-08-06T06:09:192023-08-06T06:09:492023-08-06T06:10:192023-08-06T06:10:432023-08-06T06:11:252023-08-06T06:11:372023-08-06T06:11:552023-08-06T06:12:252023-08-06T06:12:492023-08-06T06:13:252023-08-06T06:13:372023-08-06T06:14:252023-08-06T06:14:372023-08-06T06:15:072023-08-06T06:15:252023-08-06T06:15:492023-08-06T06:16:132023-08-06T06:16:432023-08-06T06:17:132023-08-06T06:17:312023-08-06T06:18:132023-08-06T06:18:192023-08-06T06:18:552023-08-06T06:19:132023-08-06T06:19:372023-08-06T06:20:072023-08-06T06:20:312023-08-06T06:21:012023-08-06T06:21:372023-08-06T06:21:552023-08-06T06:22:252023-08-06T06:23:012023-08-06T06:23:192023-08-06T06:23:552023-08-06T06:24:252023-08-06T06:24:432023-08-06T06:25:132023-08-06T06:25:432023-08-06T06:26:072023-08-06T06:26:552023-08-06T06:27:132023-08-06T06:27:372023-08-06T06:28:132023-08-06T06:28:312023-08-06T06:28:552023-08-06T06:29:432023-08-06T06:29:552023-08-06T06:30:252023-08-06T06:30:552023-08-06T06:31:192023-08-06T06:31:492023-08-06T06:32:192023-08-06T06:32:492023-08-06T06:33:192023-08-06T06:33:492023-08-06T06:34:132023-08-06T06:34:432023-08-06T06:35:132023-08-06T06:35:432023-08-06T06:36:132023-08-06T06:36:432023-08-06T06:37:072023-08-06T06:37:372023-08-06T06:38:072023-08-06T06:39:132023-08-06T06:39:312023-08-06T06:40:012023-08-06T06:40:372023-08-06T06:40:552023-08-06T06:41:312023-08-06T06:41:552023-08-06T06:42:192023-08-06T06:42:432023-08-06T06:43:192023-08-06T06:43:312023-08-06T06:43:552023-08-06T06:44:192023-08-06T06:44:492023-08-06T06:45:132023-08-06T06:45:372023-08-06T06:46:012023-08-06T06:46:312023-08-06T06:47:012023-08-06T06:47:192023-08-06T06:47:432023-08-06T06:48:072023-08-06T06:48:372023-08-06T06:49:012023-08-06T06:49:252023-08-06T06:49:552023-08-06T06:50:192023-08-06T06:50:492023-08-06T06:51:132023-08-06T06:51:372023-08-06T06:52:012023-08-06T06:52:432023-08-06T06:52:492023-08-06T06:53:312023-08-06T06:53:372023-08-06T06:54:132023-08-06T06:54:372023-08-06T06:54:552023-08-06T06:55:312023-08-06T06:55:552023-08-06T06:56:312023-08-06T06:56:492023-08-06T06:57:192023-08-06T06:57:552023-08-06T06:58:192023-08-06T06:58:492023-08-06T06:59:252023-08-06T06:59:43,1.3299999999999272,06:00 AM
9,2023-08-06 09:00:00,3092245.75,2023-08-06T09:00:132023-08-06T09:00:562023-08-06T09:01:072023-08-06T09:01:502023-08-06T09:02:012023-08-06T09:02:322023-08-06T09:02:552023-08-06T09:03:322023-08-06T09:04:012023-08-06T09:04:202023-08-06T09:04:432023-08-06T09:05:142023-08-06T09:05:372023-08-06T09:06:082023-08-06T09:06:312023-08-06T09:07:082023-08-06T09:07:202023-08-06T09:07:492023-08-06T09:08:312023-08-06T09:08:562023-08-06T09:09:132023-08-06T09:09:442023-08-06T09:10:082023-08-06T09:10:312023-08-06T09:11:082023-08-06T09:11:202023-08-06T09:11:442023-08-06T09:12:142023-08-06T09:12:382023-08-06T09:13:132023-08-06T09:13:262023-08-06T09:13:502023-08-06T09:14:142023-08-06T09:14:382023-08-06T09:15:082023-08-06T09:15:322023-08-06T09:15:552023-08-06T09:16:202023-08-06T09:16:562023-08-06T09:17:142023-08-06T09:17:312023-08-06T09:17:562023-08-06T09:18:202023-08-06T09:18:442023-08-06T09:19:192023-08-06T09:19:442023-08-06T09:20:022023-08-06T09:20:252023-08-06T09:21:022023-08-06T09:21:382023-08-06T09:21:442023-08-06T09:22:132023-08-06T09:22:382023-08-06T09:23:072023-08-06T09:23:262023-08-06T09:23:492023-08-06T09:24:202023-08-06T09:24:442023-08-06T09:25:142023-08-06T09:25:382023-08-06T09:26:022023-08-06T09:26:262023-08-06T09:27:022023-08-06T09:27:202023-08-06T09:27:442023-08-06T09:28:142023-08-06T09:28:382023-08-06T09:29:022023-08-06T09:29:442023-08-06T09:30:022023-08-06T09:30:192023-08-06T09:30:442023-08-06T09:31:082023-08-06T09:31:382023-08-06T09:32:022023-08-06T09:32:322023-08-06T09:32:562023-08-06T09:33:322023-08-06T09:33:552023-08-06T09:34:262023-08-06T09:34:382023-08-06T09:34:492023-08-06T09:34:562023-08-06T09:35:082023-08-06T09:35:202023-08-06T09:35:262023-08-06T09:35:322023-08-06T09:35:502023-08-06T09:35:562023-08-06T09:36:082023-08-06T09:36:202023-08-06T09:36:322023-08-06T09:36:442023-08-06T09:36:502023-08-06T09:36:562023-08-06T09:37:082023-08-06T09:37:142023-08-06T09:37:262023-08-06T09:37:312023-08-06T09:37:382023-08-06T09:37:502023-08-06T09:37:562023-08-06T09:38:252023-08-06T09:38:442023-08-06T09:38:502023-08-06T09:38:562023-08-06T09:39:082023-08-06T09:39:142023-08-06T09:39:262023-08-06T09:39:322023-08-06T09:39:442023-08-06T09:39:502023-08-06T09:40:022023-08-06T09:40:142023-08-06T09:40:202023-08-06T09:40:322023-08-06T09:40:382023-08-06T09:40:502023-08-06T09:41:022023-08-06T09:41:082023-08-06T09:41:142023-08-06T09:41:322023-08-06T09:41:562023-08-06T09:42:022023-08-06T09:42:082023-08-06T09:42:322023-08-06T09:42:382023-08-06T09:42:502023-08-06T09:43:022023-08-06T09:43:082023-08-06T09:43:142023-08-06T09:43:262023-08-06T09:43:322023-08-06T09:43:442023-08-06T09:43:502023-08-06T09:43:562023-08-06T09:44:082023-08-06T09:44:142023-08-06T09:44:262023-08-06T09:44:322023-08-06T09:44:442023-08-06T09:44:502023-08-06T09:45:022023-08-06T09:45:082023-08-06T09:45:142023-08-06T09:45:322023-08-06T09:45:382023-08-06T09:45:502023-08-06T09:46:022023-08-06T09:46:142023-08-06T09:46:202023-08-06T09:46:322023-08-06T09:46:382023-08-06T09:46:502023-08-06T09:46:562023-08-06T09:47:022023-08-06T09:47:142023-08-06T09:47:202023-08-06T09:47:382023-08-06T09:47:442023-08-06T09:47:562023-08-06T09:48:022023-08-06T09:48:082023-08-06T09:48:202023-08-06T09:48:262023-08-06T09:48:382023-08-06T09:48:442023-08-06T09:48:502023-08-06T09:49:322023-08-06T09:49:382023-08-06T09:49:502023-08-06T09:50:022023-08-06T09:50:082023-08-06T09:50:202023-08-06T09:50:262023-08-06T09:50:322023-08-06T09:50:442023-08-06T09:50:502023-08-06T09:51:022023-08-06T09:51:142023-08-06T09:51:262023-08-06T09:51:322023-08-06T09:51:442023-08-06T09:51:502023-08-06T09:51:562023-08-06T09:52:082023-08-06T09:52:142023-08-06T09:52:262023-08-06T09:52:322023-08-06T09:52:382023-08-06T09:52:442023-08-06T09:52:562023-08-06T09:53:022023-08-06T09:53:142023-08-06T09:53:202023-08-06T09:53:262023-08-06T09:53:382023-08-06T09:53:442023-08-06T09:53:502023-08-06T09:54:082023-08-06T09:54:142023-08-06T09:54:262023-08-06T09:54:322023-08-06T09:54:442023-08-06T09:54:502023-08-06T09:54:562023-08-06T09:55:082023-08-06T09:55:322023-08-06T09:55:382023-08-06T09:55:442023-08-06T09:56:022023-08-06T09:56:142023-08-06T09:56:202023-08-06T09:56:262023-08-06T09:56:502023-08-06T09:57:022023-08-06T09:57:082023-08-06T09:57:202023-08-06T09:57:262023-08-06T09:57:382023-08-06T09:57:502023-08-06T09:58:022023-08-06T09:58:142023-08-06T09:58:262023-08-06T09:58:382023-08-06T09:58:502023-08-06T09:58:562023-08-06T09:59:082023-08-06T09:59:202023-08-06T09:59:262023-08-06T09:59:382023-08-06T09:59:44,2.569999999999709,09:00 AM
10,2023-08-06 10:00:00,4159494.56,2023-08-06T10:00:022023-08-06T10:00:082023-08-06T10:00:142023-08-06T10:00:262023-08-06T10:00:382023-08-06T10:00:502023-08-06T10:00:562023-08-06T10:01:082023-08-06T10:01:322023-08-06T10:01:442023-08-06T10:01:562023-08-06T10:02:022023-08-06T10:02:142023-08-06T10:02:262023-08-06T10:02:322023-08-06T10:02:502023-08-06T10:03:082023-08-06T10:03:142023-08-06T10:03:202023-08-06T10:03:382023-08-06T10:03:442023-08-06T10:03:502023-08-06T10:04:022023-08-06T10:04:202023-08-06T10:04:322023-08-06T10:04:442023-08-06T10:04:502023-08-06T10:05:022023-08-06T10:05:142023-08-06T10:05:202023-08-06T10:05:322023-08-06T10:05:442023-08-06T10:05:502023-08-06T10:06:082023-08-06T10:06:202023-08-06T10:06:262023-08-06T10:06:382023-08-06T10:06:502023-08-06T10:06:562023-08-06T10:07:082023-08-06T10:07:142023-08-06T10:07:262023-08-06T10:07:322023-08-06T10:07:442023-08-06T10:07:562023-08-06T10:08:022023-08-06T10:08:142023-08-06T10:08:202023-08-06T10:08:322023-08-06T10:08:382023-08-06T10:08:502023-08-06T10:09:022023-08-06T10:09:082023-08-06T10:09:202023-08-06T10:09:262023-08-06T10:09:382023-08-06T10:09:442023-08-06T10:09:562023-08-06T10:10:022023-08-06T10:10:142023-08-06T10:10:202023-08-06T10:10:322023-08-06T10:10:382023-08-06T10:10:502023-08-06T10:11:022023-08-06T10:11:082023-08-06T10:11:202023-08-06T10:11:262023-08-06T10:11:382023-08-06T10:11:442023-08-06T10:11:562023-08-06T10:12:082023-08-06T10:12:142023-08-06T10:12:262023-08-06T10:12:322023-08-06T10:12:442023-08-06T10:12:502023-08-06T10:13:022023-08-06T10:13:142023-08-06T10:13:202023-08-06T10:13:382023-08-06T10:13:442023-08-06T10:13:562023-08-06T10:14:022023-08-06T10:14:142023-08-06T10:14:262023-08-06T10:14:322023-08-06T10:14:382023-08-06T10:14:442023-08-06T10:15:082023-08-06T10:15:202023-08-06T10:15:262023-08-06T10:15:322023-08-06T10:15:382023-08-06T10:15:502023-08-06T10:15:562023-08-06T10:16:022023-08-06T10:16:142023-08-06T10:16:262023-08-06T10:16:322023-08-06T10:16:382023-08-06T10:16:502023-08-06T10:17:142023-08-06T10:17:262023-08-06T10:17:322023-08-06T10:17:442023-08-06T10:17:502023-08-06T10:18:022023-08-06T10:18:142023-08-06T10:18:202023-08-06T10:18:322023-08-06T10:18:382023-08-06T10:18:502023-08-06T10:18:562023-08-06T10:19:202023-08-06T10:19:262023-08-06T10:19:382023-08-06T10:19:442023-08-06T10:19:562023-08-06T10:20:022023-08-06T10:20:082023-08-06T10:20:202023-08-06T10:20:262023-08-06T10:20:382023-08-06T10:20:442023-08-06T10:20:562023-08-06T10:21:022023-08-06T10:21:142023-08-06T10:21:202023-08-06T10:21:382023-08-06T10:21:502023-08-06T10:21:562023-08-06T10:22:082023-08-06T10:22:142023-08-06T10:22:382023-08-06T10:22:442023-08-06T10:22:562023-08-06T10:23:022023-08-06T10:23:082023-08-06T10:23:202023-08-06T10:23:322023-08-06T10:23:382023-08-06T10:23:442023-08-06T10:23:502023-08-06T10:23:562023-08-06T10:24:022023-08-06T10:24:202023-08-06T10:24:262023-08-06T10:24:322023-08-06T10:24:382023-08-06T10:24:442023-08-06T10:24:502023-08-06T10:25:022023-08-06T10:25:082023-08-06T10:25:142023-08-06T10:25:262023-08-06T10:25:382023-08-06T10:25:442023-08-06T10:25:502023-08-06T10:26:082023-08-06T10:26:202023-08-06T10:26:262023-08-06T10:26:382023-08-06T10:26:442023-08-06T10:26:562023-08-06T10:27:022023-08-06T10:27:142023-08-06T10:27:202023-08-06T10:27:322023-08-06T10:27:382023-08-06T10:28:022023-08-06T10:28:082023-08-06T10:28:202023-08-06T10:28:262023-08-06T10:28:322023-08-06T10:29:022023-08-06T10:29:082023-08-06T10:29:202023-08-06T10:29:262023-08-06T10:29:382023-08-06T10:29:442023-08-06T10:29:562023-08-06T10:30:022023-08-06T10:30:142023-08-06T10:30:202023-08-06T10:30:322023-08-06T10:30:382023-08-06T10:30:502023-08-06T10:30:562023-08-06T10:31:082023-08-06T10:31:142023-08-06T10:31:262023-08-06T10:31:322023-08-06T10:31:382023-08-06T10:31:502023-08-06T10:31:562023-08-06T10:32:082023-08-06T10:32:142023-08-06T10:32:262023-08-06T10:32:322023-08-06T10:32:502023-08-06T10:33:022023-08-06T10:33:142023-08-06T10:33:202023-08-06T10:33:262023-08-06T10:33:322023-08-06T10:33:502023-08-06T10:34:022023-08-06T10:34:142023-08-06T10:34:262023-08-06T10:34:382023-08-06T10:34:442023-08-06T10:34:562023-08-06T10:35:022023-08-06T10:35:082023-08-06T10:35:202023-08-06T10:35:322023-08-06T10:35:442023-08-06T10:35:562023-08-06T10:36:022023-08-06T10:36:142023-08-06T10:36:202023-08-06T10:36:262023-08-06T10:36:382023-08-06T10:36:442023-08-06T10:37:022023-08-06T10:37:082023-08-06T10:37:202023-08-06T10:37:262023-08-06T10:37:382023-08-06T10:37:442023-08-06T10:37:562023-08-06T10:38:082023-08-06T10:38:142023-08-06T10:38:262023-08-06T10:38:502023-08-06T10:38:562023-08-06T10:39:022023-08-06T10:39:142023-08-06T10:39:202023-08-06T10:39:262023-08-06T10:39:382023-08-06T10:39:442023-08-06T10:39:562023-08-06T10:40:082023-08-06T10:40:142023-08-06T10:40:202023-08-06T10:40:262023-08-06T10:40:382023-08-06T10:40:442023-08-06T10:41:022023-08-06T10:41:142023-08-06T10:41:202023-08-06T10:41:382023-08-06T10:41:502023-08-06T10:41:562023-08-06T10:42:022023-08-06T10:42:322023-08-06T10:42:382023-08-06T10:42:502023-08-06T10:43:022023-08-06T10:43:082023-08-06T10:43:142023-08-06T10:43:202023-08-06T10:43:322023-08-06T10:43:382023-08-06T10:44:262023-08-06T10:44:322023-08-06T10:44:382023-08-06T10:45:022023-08-06T10:45:082023-08-06T10:45:262023-08-06T10:45:382023-08-06T10:45:502023-08-06T10:46:022023-08-06T10:46:082023-08-06T10:46:202023-08-06T10:46:262023-08-06T10:46:322023-08-06T10:46:442023-08-06T10:46:502023-08-06T10:47:022023-08-06T10:47:082023-08-06T10:47:142023-08-06T10:47:322023-08-06T10:47:502023-08-06T10:48:082023-08-06T10:48:202023-08-06T10:48:262023-08-06T10:48:322023-08-06T10:48:442023-08-06T10:48:502023-08-06T10:49:022023-08-06T10:49:082023-08-06T10:49:262023-08-06T10:49:322023-08-06T10:49:502023-08-06T10:50:082023-08-06T10:50:442023-08-06T10:51:322023-08-06T10:52:202023-08-06T10:52:442023-08-06T10:53:382023-08-06T10:54:022023-08-06T10:54:442023-08-06T10:55:322023-08-06T10:56:322023-08-06T10:56:502023-08-06T10:57:322023-08-06T10:58:202023-08-06T10:59:022023-08-06T10:59:44,3.5500000000010914,10:00 AM
11,2023-08-06 11:00:00,1933478.7,2023-08-06T11:00:262023-08-06T11:01:142023-08-06T11:01:442023-08-06T11:02:142023-08-06T11:02:262023-08-06T11:02:442023-08-06T11:02:562023-08-06T11:03:022023-08-06T11:03:202023-08-06T11:03:262023-08-06T11:03:382023-08-06T11:04:022023-08-06T11:04:262023-08-06T11:04:322023-08-06T11:04:502023-08-06T11:04:562023-08-06T11:05:142023-08-06T11:05:202023-08-06T11:05:322023-08-06T11:05:442023-08-06T11:05:562023-08-06T11:06:082023-08-06T11:06:202023-08-06T11:06:322023-08-06T11:06:502023-08-06T11:06:562023-08-06T11:07:142023-08-06T11:07:322023-08-06T11:07:382023-08-06T11:07:502023-08-06T11:08:022023-08-06T11:08:142023-08-06T11:08:442023-08-06T11:08:502023-08-06T11:09:022023-08-06T11:09:382023-08-06T11:09:502023-08-06T11:10:022023-08-06T11:10:382023-08-06T11:10:502023-08-06T11:10:562023-08-06T11:11:082023-08-06T11:11:202023-08-06T11:11:442023-08-06T11:12:022023-08-06T11:12:202023-08-06T11:12:262023-08-06T11:12:442023-08-06T11:12:562023-08-06T11:13:022023-08-06T11:13:142023-08-06T11:13:442023-08-06T11:14:262023-08-06T11:15:142023-08-06T11:15:502023-08-06T11:16:322023-08-06T11:17:142023-08-06T11:17:562023-08-06T11:19:022023-08-06T11:19:082023-08-06T11:19:382023-08-06T11:19:502023-08-06T11:20:262023-08-06T11:20:382023-08-06T11:20:502023-08-06T11:21:082023-08-06T11:21:142023-08-06T11:21:262023-08-06T11:21:382023-08-06T11:21:502023-08-06T11:22:322023-08-06T11:22:382023-08-06T11:23:022023-08-06T11:23:082023-08-06T11:23:202023-08-06T11:23:382023-08-06T11:23:442023-08-06T11:24:022023-08-06T11:24:322023-08-06T11:24:382023-08-06T11:24:502023-08-06T11:25:022023-08-06T11:25:202023-08-06T11:25:322023-08-06T11:25:382023-08-06T11:26:142023-08-06T11:26:502023-08-06T11:27:322023-08-06T11:28:082023-08-06T11:28:502023-08-06T11:29:382023-08-06T11:30:202023-08-06T11:30:442023-08-06T11:31:262023-08-06T11:32:022023-08-06T11:32:442023-08-06T11:33:202023-08-06T11:34:022023-08-06T11:34:382023-08-06T11:35:202023-08-06T11:36:082023-08-06T11:36:382023-08-06T11:37:202023-08-06T11:37:562023-08-06T11:38:382023-08-06T11:39:202023-08-06T11:40:082023-08-06T11:40:382023-08-06T11:41:202023-08-06T11:42:082023-08-06T11:42:502023-08-06T11:43:322023-08-06T11:44:142023-08-06T11:44:502023-08-06T11:45:322023-08-06T11:46:142023-08-06T11:46:502023-08-06T11:47:322023-08-06T11:48:142023-08-06T11:48:562023-08-06T11:49:382023-08-06T11:50:142023-08-06T11:50:562023-08-06T11:51:442023-08-06T11:52:202023-08-06T11:53:082023-08-06T11:53:442023-08-06T11:54:322023-08-06T11:55:142023-08-06T11:56:022023-08-06T11:56:322023-08-06T11:56:382023-08-06T11:56:562023-08-06T11:57:022023-08-06T11:57:142023-08-06T11:57:262023-08-06T11:57:442023-08-06T11:58:022023-08-06T11:58:322023-08-06T11:58:442023-08-06T11:59:022023-08-06T11:59:142023-08-06T11:59:202023-08-06T11:59:382023-08-06T11:59:56,1.6000000000003638,11:00 AM
12,2023-08-06 12:00:00,1733653.34,2023-08-06T12:00:022023-08-06T12:00:142023-08-06T12:00:322023-08-06T12:00:442023-08-06T12:00:562023-08-06T12:01:082023-08-06T12:01:262023-08-06T12:01:442023-08-06T12:01:502023-08-06T12:02:082023-08-06T12:02:142023-08-06T12:02:262023-08-06T12:02:442023-08-06T12:02:562023-08-06T12:03:262023-08-06T12:03:322023-08-06T12:03:502023-08-06T12:04:082023-08-06T12:04:142023-08-06T12:04:262023-08-06T12:04:502023-08-06T12:05:382023-08-06T12:06:262023-08-06T12:07:022023-08-06T12:07:442023-08-06T12:08:322023-08-06T12:09:262023-08-06T12:10:022023-08-06T12:10:452023-08-06T12:11:392023-08-06T12:12:142023-08-06T12:12:562023-08-06T12:13:382023-08-06T12:14:262023-08-06T12:15:082023-08-06T12:15:382023-08-06T12:15:502023-08-06T12:16:022023-08-06T12:16:382023-08-06T12:17:202023-08-06T12:17:442023-08-06T12:18:022023-08-06T12:18:142023-08-06T12:18:262023-08-06T12:18:442023-08-06T12:19:142023-08-06T12:19:322023-08-06T12:19:562023-08-06T12:20:142023-08-06T12:20:202023-08-06T12:20:442023-08-06T12:20:502023-08-06T12:21:082023-08-06T12:21:452023-08-06T12:22:022023-08-06T12:22:142023-08-06T12:22:322023-08-06T12:22:442023-08-06T12:23:022023-08-06T12:23:142023-08-06T12:23:262023-08-06T12:23:442023-08-06T12:24:022023-08-06T12:24:152023-08-06T12:24:272023-08-06T12:24:442023-08-06T12:24:562023-08-06T12:25:092023-08-06T12:25:322023-08-06T12:25:382023-08-06T12:26:032023-08-06T12:26:502023-08-06T12:27:382023-08-06T12:27:512023-08-06T12:28:032023-08-06T12:28:262023-08-06T12:28:382023-08-06T12:28:502023-08-06T12:29:142023-08-06T12:29:262023-08-06T12:29:322023-08-06T12:29:562023-08-06T12:30:142023-08-06T12:30:202023-08-06T12:31:022023-08-06T12:31:502023-08-06T12:32:332023-08-06T12:33:152023-08-06T12:33:562023-08-06T12:34:442023-08-06T12:35:262023-08-06T12:36:142023-08-06T12:37:032023-08-06T12:37:452023-08-06T12:38:322023-08-06T12:39:142023-08-06T12:40:022023-08-06T12:40:512023-08-06T12:41:332023-08-06T12:42:202023-08-06T12:43:022023-08-06T12:43:502023-08-06T12:44:322023-08-06T12:45:212023-08-06T12:46:152023-08-06T12:46:502023-08-06T12:47:322023-08-06T12:48:142023-08-06T12:49:082023-08-06T12:49:442023-08-06T12:50:262023-08-06T12:51:082023-08-06T12:51:512023-08-06T12:52:332023-08-06T12:53:202023-08-06T12:53:572023-08-06T12:54:442023-08-06T12:55:152023-08-06T12:56:022023-08-06T12:56:392023-08-06T12:57:262023-08-06T12:58:022023-08-06T12:58:142023-08-06T12:58:322023-08-06T12:58:442023-08-06T12:58:562023-08-06T12:59:332023-08-06T12:59:452023-08-06T12:59:502023-08-06T12:59:57,1.3299999999999272,12:00 PM
13,2023-08-06 13:00:00,2667530.06,2023-08-06T13:00:082023-08-06T13:00:202023-08-06T13:00:272023-08-06T13:00:392023-08-06T13:00:562023-08-06T13:01:022023-08-06T13:01:142023-08-06T13:01:212023-08-06T13:01:332023-08-06T13:01:382023-08-06T13:01:502023-08-06T13:01:562023-08-06T13:02:082023-08-06T13:02:152023-08-06T13:02:272023-08-06T13:02:322023-08-06T13:02:442023-08-06T13:02:502023-08-06T13:03:022023-08-06T13:03:142023-08-06T13:03:442023-08-06T13:03:512023-08-06T13:03:562023-08-06T13:04:272023-08-06T13:04:322023-08-06T13:04:382023-08-06T13:04:502023-08-06T13:04:572023-08-06T13:05:022023-08-06T13:05:142023-08-06T13:05:212023-08-06T13:05:262023-08-06T13:05:322023-08-06T13:05:392023-08-06T13:05:562023-08-06T13:06:082023-08-06T13:06:272023-08-06T13:06:332023-08-06T13:06:382023-08-06T13:06:452023-08-06T13:06:502023-08-06T13:06:572023-08-06T13:07:022023-08-06T13:07:092023-08-06T13:07:142023-08-06T13:07:212023-08-06T13:07:272023-08-06T13:07:442023-08-06T13:07:562023-08-06T13:08:152023-08-06T13:08:212023-08-06T13:08:382023-08-06T13:08:502023-08-06T13:09:022023-08-06T13:09:092023-08-06T13:09:202023-08-06T13:09:322023-08-06T13:09:392023-08-06T13:09:442023-08-06T13:09:562023-08-06T13:10:032023-08-06T13:10:212023-08-06T13:10:332023-08-06T13:10:452023-08-06T13:10:502023-08-06T13:10:572023-08-06T13:11:082023-08-06T13:11:202023-08-06T13:11:272023-08-06T13:11:392023-08-06T13:11:572023-08-06T13:12:022023-08-06T13:12:142023-08-06T13:12:382023-08-06T13:12:452023-08-06T13:12:562023-08-06T13:13:032023-08-06T13:13:152023-08-06T13:13:202023-08-06T13:13:322023-08-06T13:13:392023-08-06T13:13:502023-08-06T13:14:092023-08-06T13:14:212023-08-06T13:14:392023-08-06T13:14:512023-08-06T13:14:562023-08-06T13:15:082023-08-06T13:15:152023-08-06T13:15:272023-08-06T13:15:332023-08-06T13:15:452023-08-06T13:15:502023-08-06T13:16:022023-08-06T13:16:142023-08-06T13:16:212023-08-06T13:16:322023-08-06T13:16:442023-08-06T13:16:562023-08-06T13:17:032023-08-06T13:17:082023-08-06T13:17:212023-08-06T13:17:262023-08-06T13:17:452023-08-06T13:18:022023-08-06T13:18:092023-08-06T13:18:202023-08-06T13:18:322023-08-06T13:18:442023-08-06T13:19:032023-08-06T13:19:142023-08-06T13:19:212023-08-06T13:19:332023-08-06T13:19:382023-08-06T13:19:572023-08-06T13:20:082023-08-06T13:20:202023-08-06T13:20:272023-08-06T13:20:392023-08-06T13:20:442023-08-06T13:21:142023-08-06T13:21:332023-08-06T13:21:452023-08-06T13:21:512023-08-06T13:22:032023-08-06T13:22:152023-08-06T13:22:392023-08-06T13:22:512023-08-06T13:23:022023-08-06T13:23:092023-08-06T13:23:212023-08-06T13:23:262023-08-06T13:23:392023-08-06T13:23:512023-08-06T13:24:032023-08-06T13:24:202023-08-06T13:24:272023-08-06T13:24:332023-08-06T13:24:572023-08-06T13:25:022023-08-06T13:25:142023-08-06T13:25:272023-08-06T13:25:332023-08-06T13:25:392023-08-06T13:25:512023-08-06T13:26:032023-08-06T13:26:082023-08-06T13:26:212023-08-06T13:26:272023-08-06T13:26:382023-08-06T13:26:452023-08-06T13:26:572023-08-06T13:27:022023-08-06T13:27:152023-08-06T13:27:212023-08-06T13:27:322023-08-06T13:28:212023-08-06T13:29:092023-08-06T13:29:572023-08-06T13:30:512023-08-06T13:31:272023-08-06T13:32:092023-08-06T13:32:512023-08-06T13:33:392023-08-06T13:34:092023-08-06T13:34:512023-08-06T13:35:332023-08-06T13:36:212023-08-06T13:36:562023-08-06T13:37:382023-08-06T13:38:152023-08-06T13:38:572023-08-06T13:39:382023-08-06T13:40:202023-08-06T13:41:032023-08-06T13:41:452023-08-06T13:42:272023-08-06T13:43:562023-08-06T13:44:332023-08-06T13:45:152023-08-06T13:46:032023-08-06T13:46:572023-08-06T13:47:212023-08-06T13:48:092023-08-06T13:48:512023-08-06T13:49:322023-08-06T13:50:262023-08-06T13:51:032023-08-06T13:51:392023-08-06T13:52:332023-08-06T13:53:152023-08-06T13:53:572023-08-06T13:54:332023-08-06T13:55:152023-08-06T13:55:572023-08-06T13:56:442023-08-06T13:57:272023-08-06T13:58:032023-08-06T13:58:512023-08-06T13:59:39,2.3099999999994907,01:00 PM
14,2023-08-06 14:00:00,813683.27,2023-08-06T14:00:152023-08-06T14:00:572023-08-06T14:01:452023-08-06T14:02:332023-08-06T14:02:572023-08-06T14:03:452023-08-06T14:04:212023-08-06T14:04:572023-08-06T14:05:442023-08-06T14:06:212023-08-06T14:06:572023-08-06T14:07:392023-08-06T14:08:212023-08-06T14:09:032023-08-06T14:09:452023-08-06T14:10:332023-08-06T14:11:032023-08-06T14:11:452023-08-06T14:12:272023-08-06T14:13:092023-08-06T14:13:512023-08-06T14:14:272023-08-06T14:15:212023-08-06T14:16:272023-08-06T14:17:332023-08-06T14:18:392023-08-06T14:19:392023-08-06T14:20:572023-08-06T14:22:032023-08-06T14:23:212023-08-06T14:24:332023-08-06T14:25:452023-08-06T14:26:572023-08-06T14:28:092023-08-06T14:29:212023-08-06T14:30:332023-08-06T14:31:452023-08-06T14:32:572023-08-06T14:34:152023-08-06T14:35:272023-08-06T14:36:392023-08-06T14:37:512023-08-06T14:39:032023-08-06T14:40:152023-08-06T14:41:272023-08-06T14:42:332023-08-06T14:43:392023-08-06T14:44:452023-08-06T14:45:452023-08-06T14:46:512023-08-06T14:47:572023-08-06T14:49:032023-08-06T14:50:092023-08-06T14:51:212023-08-06T14:52:152023-08-06T14:53:212023-08-06T14:54:272023-08-06T14:55:332023-08-06T14:56:332023-08-06T14:57:392023-08-06T14:58:51,0.6100000000005821,02:00 PM
15,2023-08-06 15:00:00,947121.48,2023-08-06T15:00:032023-08-06T15:01:152023-08-06T15:02:272023-08-06T15:03:332023-08-06T15:04:452023-08-06T15:05:572023-08-06T15:06:572023-08-06T15:08:032023-08-06T15:09:152023-08-06T15:10:092023-08-06T15:11:032023-08-06T15:12:032023-08-06T15:13:092023-08-06T15:14:152023-08-06T15:15:152023-08-06T15:16:152023-08-06T15:17:212023-08-06T15:18:032023-08-06T15:18:572023-08-06T15:19:392023-08-06T15:20:272023-08-06T15:21:152023-08-06T15:21:572023-08-06T15:22:452023-08-06T15:23:332023-08-06T15:24:152023-08-06T15:25:032023-08-06T15:25:512023-08-06T15:26:392023-08-06T15:27:272023-08-06T15:28:092023-08-06T15:29:032023-08-06T15:30:032023-08-06T15:31:032023-08-06T15:31:092023-08-06T15:31:332023-08-06T15:31:452023-08-06T15:32:032023-08-06T15:32:212023-08-06T15:32:272023-08-06T15:32:452023-08-06T15:32:512023-08-06T15:33:152023-08-06T15:33:332023-08-06T15:33:452023-08-06T15:34:032023-08-06T15:34:332023-08-06T15:35:392023-08-06T15:36:332023-08-06T15:37:272023-08-06T15:38:272023-08-06T15:39:212023-08-06T15:40:092023-08-06T15:40:572023-08-06T15:41:572023-08-06T15:43:032023-08-06T15:44:032023-08-06T15:45:152023-08-06T15:45:572023-08-06T15:46:572023-08-06T15:47:512023-08-06T15:48:512023-08-06T15:49:512023-08-06T15:50:512023-08-06T15:51:572023-08-06T15:53:092023-08-06T15:54:152023-08-06T15:55:212023-08-06T15:56:332023-08-06T15:57:392023-08-06T15:58:57,0.7299999999995634,03:00 PM
16,2023-08-06 16:00:00,1160626.98,2023-08-06T16:00:152023-08-06T16:01:392023-08-06T16:02:572023-08-06T16:04:152023-08-06T16:05:332023-08-06T16:06:512023-08-06T16:07:572023-08-06T16:09:092023-08-06T16:10:212023-08-06T16:11:092023-08-06T16:11:452023-08-06T16:12:272023-08-06T16:13:032023-08-06T16:13:392023-08-06T16:14:152023-08-06T16:14:512023-08-06T16:15:272023-08-06T16:16:152023-08-06T16:16:452023-08-06T16:17:212023-08-06T16:17:572023-08-06T16:18:332023-08-06T16:19:092023-08-06T16:19:452023-08-06T16:20:212023-08-06T16:21:032023-08-06T16:21:392023-08-06T16:22:152023-08-06T16:22:512023-08-06T16:23:332023-08-06T16:24:092023-08-06T16:24:512023-08-06T16:25:212023-08-06T16:25:572023-08-06T16:26:332023-08-06T16:27:152023-08-06T16:27:452023-08-06T16:28:272023-08-06T16:29:032023-08-06T16:29:452023-08-06T16:30:152023-08-06T16:30:512023-08-06T16:31:332023-08-06T16:32:152023-08-06T16:32:452023-08-06T16:33:212023-08-06T16:33:572023-08-06T16:34:392023-08-06T16:35:152023-08-06T16:35:512023-08-06T16:36:272023-08-06T16:37:152023-08-06T16:37:512023-08-06T16:38:212023-08-06T16:39:032023-08-06T16:39:392023-08-06T16:40:152023-08-06T16:40:572023-08-06T16:41:332023-08-06T16:42:152023-08-06T16:43:032023-08-06T16:43:452023-08-06T16:44:152023-08-06T16:45:032023-08-06T16:45:452023-08-06T16:46:212023-08-06T16:47:042023-08-06T16:47:392023-08-06T16:48:152023-08-06T16:49:032023-08-06T16:49:332023-08-06T16:50:092023-08-06T16:50:512023-08-06T16:51:272023-08-06T16:52:092023-08-06T16:52:452023-08-06T16:53:392023-08-06T16:54:092023-08-06T16:54:392023-08-06T16:55:152023-08-06T16:55:572023-08-06T16:56:332023-08-06T16:57:102023-08-06T16:57:522023-08-06T16:58:332023-08-06T16:59:032023-08-06T16:59:52,0.8699999999989814,04:00 PM
0,2023-08-06 00:00:00,838925.86,2023-08-06T00:00:062023-08-06T00:00:542023-08-06T00:01:002023-08-06T00:01:362023-08-06T00:02:112023-08-06T00:02:362023-08-06T00:03:052023-08-06T00:03:422023-08-06T00:04:242023-08-06T00:04:422023-08-06T00:05:122023-08-06T00:05:472023-08-06T00:06:302023-08-06T00:06:482023-08-06T00:07:122023-08-06T00:07:482023-08-06T00:08:182023-08-06T00:09:062023-08-06T00:09:232023-08-06T00:09:482023-08-06T00:10:172023-08-06T00:10:482023-08-06T00:11:122023-08-06T00:11:422023-08-06T00:12:062023-08-06T00:12:302023-08-06T00:12:542023-08-06T00:13:242023-08-06T00:13:482023-08-06T00:14:182023-08-06T00:14:542023-08-06T00:15:182023-08-06T00:15:422023-08-06T00:16:122023-08-06T00:16:362023-08-06T00:17:122023-08-06T00:17:362023-08-06T00:17:542023-08-06T00:18:242023-08-06T00:18:422023-08-06T00:19:122023-08-06T00:20:122023-08-06T00:20:302023-08-06T00:20:542023-08-06T00:21:182023-08-06T00:21:482023-08-06T00:22:242023-08-06T00:22:542023-08-06T00:23:002023-08-06T00:23:302023-08-06T00:23:542023-08-06T00:24:242023-08-06T00:25:002023-08-06T00:25:302023-08-06T00:25:482023-08-06T00:26:242023-08-06T00:26:542023-08-06T00:27:122023-08-06T00:27:422023-08-06T00:28:062023-08-06T00:28:422023-08-06T00:29:062023-08-06T00:29:48,0.6300000000010186,12:00 AM
1,2023-08-06 00:30:00,759063.66,2023-08-06T00:30:122023-08-06T00:30:362023-08-06T00:31:062023-08-06T00:31:362023-08-06T00:32:062023-08-06T00:32:422023-08-06T00:33:062023-08-06T00:33:422023-08-06T00:34:122023-08-06T00:34:422023-08-06T00:35:302023-08-06T00:35:482023-08-06T00:36:422023-08-06T00:37:122023-08-06T00:37:422023-08-06T00:38:302023-08-06T00:38:482023-08-06T00:39:242023-08-06T00:39:482023-08-06T00:40:182023-08-06T00:40:482023-08-06T00:41:182023-08-06T00:42:002023-08-06T00:42:182023-08-06T00:42:542023-08-06T00:43:242023-08-06T00:43:542023-08-06T00:44:242023-08-06T00:45:002023-08-06T00:45:302023-08-06T00:45:542023-08-06T00:46:242023-08-06T00:47:062023-08-06T00:48:302023-08-06T00:48:542023-08-06T00:49:242023-08-06T00:50:002023-08-06T00:50:242023-08-06T00:50:542023-08-06T00:51:242023-08-06T00:52:002023-08-06T00:52:182023-08-06T00:52:542023-08-06T00:53:242023-08-06T00:53:482023-08-06T00:54:242023-08-06T00:55:002023-08-06T00:55:242023-08-06T00:55:482023-08-06T00:56:212023-08-06T00:56:422023-08-06T00:57:182023-08-06T00:57:482023-08-06T00:58:302023-08-06T00:58:482023-08-06T00:59:182023-08-06T00:59:48,0.6000000000003638,12:30 AM
2,2023-08-06 01:00:00,745780.0,2023-08-06T01:00:182023-08-06T01:00:482023-08-06T01:01:182023-08-06T01:02:002023-08-06T01:02:242023-08-06T01:03:002023-08-06T01:03:242023-08-06T01:04:122023-08-06T01:04:362023-08-06T01:05:002023-08-06T01:05:302023-08-06T01:06:062023-08-06T01:06:302023-08-06T01:07:062023-08-06T01:08:362023-08-06T01:09:062023-08-06T01:09:542023-08-06T01:10:122023-08-06T01:10:482023-08-06T01:11:122023-08-06T01:12:062023-08-06T01:12:182023-08-06T01:12:542023-08-06T01:13:242023-08-06T01:13:482023-08-06T01:14:182023-08-06T01:15:062023-08-06T01:15:242023-08-06T01:16:002023-08-06T01:16:242023-08-06T01:17:002023-08-06T01:17:362023-08-06T01:18:002023-08-06T01:18:302023-08-06T01:19:002023-08-06T01:19:302023-08-06T01:20:002023-08-06T01:20:302023-08-06T01:21:062023-08-06T01:21:422023-08-06T01:22:062023-08-06T01:22:362023-08-06T01:23:242023-08-06T01:23:362023-08-06T01:24:062023-08-06T01:24:302023-08-06T01:25:182023-08-06T01:25:302023-08-06T01:26:062023-08-06T01:26:302023-08-06T01:27:002023-08-06T01:27:302023-08-06T01:28:062023-08-06T01:28:302023-08-06T01:29:122023-08-06T01:29:42,0.5799999999999272,01:00 AM
3,2023-08-06 01:30:00,785767.25,2023-08-06T01:30:242023-08-06T01:30:302023-08-06T01:31:062023-08-06T01:31:482023-08-06T01:32:062023-08-06T01:32:362023-08-06T01:33:362023-08-06T01:34:122023-08-06T01:34:422023-08-06T01:35:122023-08-06T01:35:482023-08-06T01:36:302023-08-06T01:36:482023-08-06T01:37:242023-08-06T01:38:062023-08-06T01:38:242023-08-06T01:39:182023-08-06T01:39:302023-08-06T01:40:182023-08-06T01:40:422023-08-06T01:41:242023-08-06T01:41:542023-08-06T01:42:122023-08-06T01:42:422023-08-06T01:43:122023-08-06T01:43:542023-08-06T01:44:122023-08-06T01:44:422023-08-06T01:45:122023-08-06T01:45:482023-08-06T01:46:122023-08-06T01:46:482023-08-06T01:47:122023-08-06T01:47:422023-08-06T01:48:122023-08-06T01:48:422023-08-06T01:49:062023-08-06T01:49:362023-08-06T01:50:062023-08-06T01:50:362023-08-06T01:51:062023-08-06T01:51:302023-08-06T01:52:002023-08-06T01:52:302023-08-06T01:52:542023-08-06T01:53:242023-08-06T01:53:542023-08-06T01:54:482023-08-06T01:55:062023-08-06T01:55:242023-08-06T01:55:542023-08-06T01:56:242023-08-06T01:56:482023-08-06T01:57:182023-08-06T01:57:482023-08-06T01:58:122023-08-06T01:58:542023-08-06T01:59:062023-08-06T01:59:48,0.5999999999985448,01:30 AM
4,2023-08-06 02:00:00,799121.1,2023-08-06T02:00:002023-08-06T02:00:362023-08-06T02:00:542023-08-06T02:01:242023-08-06T02:01:482023-08-06T02:02:122023-08-06T02:02:422023-08-06T02:03:122023-08-06T02:03:362023-08-06T02:04:062023-08-06T02:04:362023-08-06T02:05:062023-08-06T02:05:302023-08-06T02:06:002023-08-06T02:06:362023-08-06T02:07:002023-08-06T02:07:302023-08-06T02:08:002023-08-06T02:08:302023-08-06T02:09:002023-08-06T02:09:362023-08-06T02:10:002023-08-06T02:10:302023-08-06T02:11:002023-08-06T02:11:302023-08-06T02:12:002023-08-06T02:12:482023-08-06T02:13:122023-08-06T02:13:362023-08-06T02:14:062023-08-06T02:14:362023-08-06T02:15:122023-08-06T02:15:362023-08-06T02:16:122023-08-06T02:16:482023-08-06T02:17:242023-08-06T02:17:422023-08-06T02:18:122023-08-06T02:18:422023-08-06T02:19:182023-08-06T02:19:542023-08-06T02:20:302023-08-06T02:20:482023-08-06T02:21:362023-08-06T02:21:482023-08-06T02:22:182023-08-06T02:23:002023-08-06T02:23:242023-08-06T02:23:542023-08-06T02:24:362023-08-06T02:25:002023-08-06T02:25:422023-08-06T02:26:002023-08-06T02:26:302023-08-06T02:27:002023-08-06T02:27:302023-08-06T02:28:002023-08-06T02:28:422023-08-06T02:29:062023-08-06T02:29:36,0.6000000000003638,02:00 AM
5,2023-08-06 02:30:00,759198.95,2023-08-06T02:30:062023-08-06T02:30:422023-08-06T02:31:122023-08-06T02:31:362023-08-06T02:32:122023-08-06T02:32:422023-08-06T02:33:122023-08-06T02:33:482023-08-06T02:34:062023-08-06T02:34:362023-08-06T02:35:062023-08-06T02:35:422023-08-06T02:36:062023-08-06T02:36:422023-08-06T02:37:062023-08-06T02:37:362023-08-06T02:38:122023-08-06T02:38:362023-08-06T02:39:182023-08-06T02:40:302023-08-06T02:40:362023-08-06T02:41:242023-08-06T02:41:422023-08-06T02:42:122023-08-06T02:42:362023-08-06T02:43:062023-08-06T02:43:422023-08-06T02:44:062023-08-06T02:44:362023-08-06T02:45:062023-08-06T02:45:422023-08-06T02:46:122023-08-06T02:46:362023-08-06T02:47:182023-08-06T02:47:422023-08-06T02:48:182023-08-06T02:48:482023-08-06T02:49:242023-08-06T02:49:492023-08-06T02:51:062023-08-06T02:51:242023-08-06T02:51:542023-08-06T02:52:182023-08-06T02:52:542023-08-06T02:53:252023-08-06T02:54:002023-08-06T02:54:242023-08-06T02:55:062023-08-06T02:55:242023-08-06T02:55:542023-08-06T02:56:242023-08-06T02:57:012023-08-06T02:57:422023-08-06T02:58:002023-08-06T02:58:362023-08-06T02:59:002023-08-06T02:59:30,0.5900000000001455,02:30 AM
6,2023-08-06 03:00:00,772552.43,2023-08-06T03:00:002023-08-06T03:00:372023-08-06T03:01:062023-08-06T03:01:362023-08-06T03:02:062023-08-06T03:02:482023-08-06T03:03:192023-08-06T03:03:482023-08-06T03:04:182023-08-06T03:04:482023-08-06T03:05:122023-08-06T03:05:482023-08-06T03:06:242023-08-06T03:07:122023-08-06T03:07:242023-08-06T03:08:012023-08-06T03:08:182023-08-06T03:08:482023-08-06T03:09:182023-08-06T03:09:542023-08-06T03:10:182023-08-06T03:10:542023-08-06T03:11:252023-08-06T03:11:542023-08-06T03:12:242023-08-06T03:12:542023-08-06T03:13:252023-08-06T03:14:002023-08-06T03:14:192023-08-06T03:14:482023-08-06T03:15:362023-08-06T03:15:552023-08-06T03:16:492023-08-06T03:17:182023-08-06T03:17:482023-08-06T03:18:242023-08-06T03:18:492023-08-06T03:19:242023-08-06T03:19:482023-08-06T03:20:182023-08-06T03:20:492023-08-06T03:21:192023-08-06T03:21:482023-08-06T03:22:182023-08-06T03:22:482023-08-06T03:23:192023-08-06T03:23:542023-08-06T03:24:302023-08-06T03:24:552023-08-06T03:25:302023-08-06T03:25:542023-08-06T03:26:362023-08-06T03:26:552023-08-06T03:27:242023-08-06T03:28:242023-08-06T03:28:312023-08-06T03:29:002023-08-06T03:29:49,0.5900000000001455,03:00 AM
7,2023-08-06 03:30:00,825869.45,2023-08-06T03:30:062023-08-06T03:30:542023-08-06T03:31:062023-08-06T03:31:372023-08-06T03:32:072023-08-06T03:32:422023-08-06T03:33:182023-08-06T03:33:422023-08-06T03:34:122023-08-06T03:34:492023-08-06T03:35:182023-08-06T03:35:482023-08-06T03:36:192023-08-06T03:36:542023-08-06T03:37:182023-08-06T03:37:482023-08-06T03:38:182023-08-06T03:38:492023-08-06T03:39:192023-08-06T03:39:482023-08-06T03:40:302023-08-06T03:40:492023-08-06T03:41:242023-08-06T03:41:542023-08-06T03:42:252023-08-06T03:43:002023-08-06T03:43:312023-08-06T03:43:492023-08-06T03:44:182023-08-06T03:44:482023-08-06T03:45:192023-08-06T03:45:422023-08-06T03:46:132023-08-06T03:46:362023-08-06T03:47:072023-08-06T03:47:302023-08-06T03:47:542023-08-06T03:48:242023-08-06T03:48:552023-08-06T03:49:252023-08-06T03:49:492023-08-06T03:50:192023-08-06T03:50:432023-08-06T03:51:182023-08-06T03:51:372023-08-06T03:52:122023-08-06T03:52:312023-08-06T03:53:062023-08-06T03:53:252023-08-06T03:54:072023-08-06T03:54:242023-08-06T03:54:492023-08-06T03:55:182023-08-06T03:55:432023-08-06T03:56:192023-08-06T03:56:372023-08-06T03:57:062023-08-06T03:57:362023-08-06T03:58:132023-08-06T03:58:372023-08-06T03:59:072023-08-06T03:59:36,0.6200000000008004,03:30 AM
8,2023-08-06 04:00:00,812586.76,2023-08-06T04:00:062023-08-06T04:00:492023-08-06T04:01:002023-08-06T04:01:362023-08-06T04:02:182023-08-06T04:02:432023-08-06T04:03:072023-08-06T04:03:312023-08-06T04:04:062023-08-06T04:04:312023-08-06T04:05:002023-08-06T04:05:252023-08-06T04:05:542023-08-06T04:06:312023-08-06T04:07:132023-08-06T04:07:252023-08-06T04:07:492023-08-06T04:08:242023-08-06T04:08:482023-08-06T04:09:182023-08-06T04:09:492023-08-06T04:10:192023-08-06T04:10:432023-08-06T04:11:302023-08-06T04:11:432023-08-06T04:12:122023-08-06T04:12:492023-08-06T04:13:182023-08-06T04:13:432023-08-06T04:14:122023-08-06T04:14:422023-08-06T04:15:132023-08-06T04:15:482023-08-06T04:16:132023-08-06T04:17:312023-08-06T04:18:072023-08-06T04:18:132023-08-06T04:18:422023-08-06T04:19:122023-08-06T04:19:492023-08-06T04:20:132023-08-06T04:20:372023-08-06T04:21:072023-08-06T04:21:372023-08-06T04:22:132023-08-06T04:22:312023-08-06T04:23:072023-08-06T04:23:312023-08-06T04:24:012023-08-06T04:24:312023-08-06T04:25:002023-08-06T04:25:372023-08-06T04:25:542023-08-06T04:26:252023-08-06T04:27:072023-08-06T04:27:252023-08-06T04:27:552023-08-06T04:28:192023-08-06T04:28:432023-08-06T04:29:132023-08-06T04:29:43,0.6199999999989814,04:00 AM
9,2023-08-06 04:30:00,772659.62,2023-08-06T04:30:072023-08-06T04:30:312023-08-06T04:30:552023-08-06T04:31:182023-08-06T04:32:002023-08-06T04:32:192023-08-06T04:32:542023-08-06T04:33:252023-08-06T04:34:372023-08-06T04:34:542023-08-06T04:35:312023-08-06T04:36:012023-08-06T04:36:312023-08-06T04:37:012023-08-06T04:37:312023-08-06T04:38:192023-08-06T04:38:372023-08-06T04:39:072023-08-06T04:39:372023-08-06T04:40:072023-08-06T04:40:552023-08-06T04:41:122023-08-06T04:41:492023-08-06T04:42:312023-08-06T04:42:552023-08-06T04:43:192023-08-06T04:44:012023-08-06T04:44:312023-08-06T04:45:072023-08-06T04:45:552023-08-06T04:47:012023-08-06T04:47:372023-08-06T04:47:552023-08-06T04:48:312023-08-06T04:49:372023-08-06T04:49:552023-08-06T04:50:192023-08-06T04:50:552023-08-06T04:51:132023-08-06T04:51:372023-08-06T04:52:012023-08-06T04:52:312023-08-06T04:52:432023-08-06T04:53:072023-08-06T04:53:312023-08-06T04:53:552023-08-06T04:54:132023-08-06T04:54:552023-08-06T04:55:012023-08-06T04:55:312023-08-06T04:56:012023-08-06T04:56:312023-08-06T04:57:012023-08-06T04:57:372023-08-06T04:58:072023-08-06T04:58:432023-08-06T04:59:312023-08-06T04:59:49,0.6200000000008004,04:30 AM
10,2023-08-06 05:00:00,892598.27,2023-08-06T05:00:252023-08-06T05:00:552023-08-06T05:01:312023-08-06T05:02:072023-08-06T05:02:492023-08-06T05:03:372023-08-06T05:03:552023-08-06T05:04:312023-08-06T05:05:132023-08-06T05:05:492023-08-06T05:06:312023-08-06T05:07:012023-08-06T05:07:372023-08-06T05:08:072023-08-06T05:08:492023-08-06T05:09:132023-08-06T05:09:492023-08-06T05:10:312023-08-06T05:10:492023-08-06T05:11:312023-08-06T05:11:492023-08-06T05:12:192023-08-06T05:12:492023-08-06T05:13:192023-08-06T05:13:492023-08-06T05:14:132023-08-06T05:14:312023-08-06T05:15:012023-08-06T05:15:252023-08-06T05:15:492023-08-06T05:16:132023-08-06T05:16:492023-08-06T05:17:012023-08-06T05:17:252023-08-06T05:17:552023-08-06T05:18:192023-08-06T05:18:432023-08-06T05:19:132023-08-06T05:19:252023-08-06T05:20:012023-08-06T05:20:132023-08-06T05:20:372023-08-06T05:21:072023-08-06T05:21:192023-08-06T05:21:432023-08-06T05:22:012023-08-06T05:22:312023-08-06T05:22:432023-08-06T05:23:012023-08-06T05:23:252023-08-06T05:23:432023-08-06T05:24:072023-08-06T05:24:432023-08-06T05:25:012023-08-06T05:25:192023-08-06T05:25:372023-08-06T05:26:012023-08-06T05:26:192023-08-06T05:26:372023-08-06T05:26:552023-08-06T05:27:132023-08-06T05:27:312023-08-06T05:27:552023-08-06T05:28:132023-08-06T05:28:492023-08-06T05:29:012023-08-06T05:29:31,0.680000000000291,05:00 AM
11,2023-08-06 05:30:00,852673.94,2023-08-06T05:30:012023-08-06T05:30:372023-08-06T05:31:012023-08-06T05:31:312023-08-06T05:32:012023-08-06T05:32:312023-08-06T05:32:552023-08-06T05:33:372023-08-06T05:33:492023-08-06T05:34:192023-08-06T05:34:492023-08-06T05:35:192023-08-06T05:35:432023-08-06T05:36:072023-08-06T05:36:432023-08-06T05:37:132023-08-06T05:37:312023-08-06T05:37:552023-08-06T05:38:192023-08-06T05:38:432023-08-06T05:39:072023-08-06T05:39:372023-08-06T05:40:072023-08-06T05:40:252023-08-06T05:40:492023-08-06T05:41:192023-08-06T05:41:492023-08-06T05:42:132023-08-06T05:42:372023-08-06T05:43:072023-08-06T05:43:492023-08-06T05:44:192023-08-06T05:44:492023-08-06T05:45:132023-08-06T05:45:432023-08-06T05:46:132023-08-06T05:47:012023-08-06T05:47:072023-08-06T05:47:432023-08-06T05:48:132023-08-06T05:48:372023-08-06T05:49:072023-08-06T05:49:372023-08-06T05:50:012023-08-06T05:50:312023-08-06T05:51:192023-08-06T05:51:432023-08-06T05:52:072023-08-06T05:52:312023-08-06T05:52:552023-08-06T05:53:312023-08-06T05:53:552023-08-06T05:54:312023-08-06T05:55:192023-08-06T05:55:312023-08-06T05:55:492023-08-06T05:56:192023-08-06T05:56:492023-08-06T05:57:192023-08-06T05:57:492023-08-06T05:58:132023-08-06T05:58:432023-08-06T05:59:132023-08-06T05:59:43,0.6499999999996362,05:30 AM
12,2023-08-06 06:00:00,892687.23,2023-08-06T06:00:132023-08-06T06:00:372023-08-06T06:01:072023-08-06T06:01:312023-08-06T06:02:072023-08-06T06:02:372023-08-06T06:03:012023-08-06T06:03:372023-08-06T06:03:552023-08-06T06:04:252023-08-06T06:04:552023-08-06T06:05:252023-08-06T06:05:552023-08-06T06:06:312023-08-06T06:06:492023-08-06T06:07:132023-08-06T06:07:372023-08-06T06:08:072023-08-06T06:08:312023-08-06T06:08:552023-08-06T06:09:192023-08-06T06:09:492023-08-06T06:10:192023-08-06T06:10:432023-08-06T06:11:252023-08-06T06:11:372023-08-06T06:11:552023-08-06T06:12:252023-08-06T06:12:492023-08-06T06:13:252023-08-06T06:13:372023-08-06T06:14:252023-08-06T06:14:372023-08-06T06:15:072023-08-06T06:15:252023-08-06T06:15:492023-08-06T06:16:132023-08-06T06:16:432023-08-06T06:17:132023-08-06T06:17:312023-08-06T06:18:132023-08-06T06:18:192023-08-06T06:18:552023-08-06T06:19:132023-08-06T06:19:372023-08-06T06:20:072023-08-06T06:20:312023-08-06T06:21:012023-08-06T06:21:372023-08-06T06:21:552023-08-06T06:22:252023-08-06T06:23:012023-08-06T06:23:192023-08-06T06:23:552023-08-06T06:24:252023-08-06T06:24:432023-08-06T06:25:132023-08-06T06:25:432023-08-06T06:26:072023-08-06T06:26:552023-08-06T06:27:132023-08-06T06:27:372023-08-06T06:28:132023-08-06T06:28:312023-08-06T06:28:552023-08-06T06:29:432023-08-06T06:29:55,0.6700000000000728,06:00 AM
18,2023-08-06 09:00:00,919614.75,2023-08-06T09:00:132023-08-06T09:00:562023-08-06T09:01:072023-08-06T09:01:502023-08-06T09:02:012023-08-06T09:02:322023-08-06T09:02:552023-08-06T09:03:322023-08-06T09:04:012023-08-06T09:04:202023-08-06T09:04:432023-08-06T09:05:142023-08-06T09:05:372023-08-06T09:06:082023-08-06T09:06:312023-08-06T09:07:082023-08-06T09:07:202023-08-06T09:07:492023-08-06T09:08:312023-08-06T09:08:562023-08-06T09:09:132023-08-06T09:09:442023-08-06T09:10:082023-08-06T09:10:312023-08-06T09:11:082023-08-06T09:11:202023-08-06T09:11:442023-08-06T09:12:142023-08-06T09:12:382023-08-06T09:13:132023-08-06T09:13:262023-08-06T09:13:502023-08-06T09:14:142023-08-06T09:14:382023-08-06T09:15:082023-08-06T09:15:322023-08-06T09:15:552023-08-06T09:16:202023-08-06T09:16:562023-08-06T09:17:142023-08-06T09:17:312023-08-06T09:17:562023-08-06T09:18:202023-08-06T09:18:442023-08-06T09:19:192023-08-06T09:19:442023-08-06T09:20:022023-08-06T09:20:252023-08-06T09:21:022023-08-06T09:21:382023-08-06T09:21:442023-08-06T09:22:132023-08-06T09:22:382023-08-06T09:23:072023-08-06T09:23:262023-08-06T09:23:492023-08-06T09:24:202023-08-06T09:24:442023-08-06T09:25:142023-08-06T09:25:382023-08-06T09:26:022023-08-06T09:26:262023-08-06T09:27:022023-08-06T09:27:202023-08-06T09:27:442023-08-06T09:28:142023-08-06T09:28:382023-08-06T09:29:022023-08-06T09:29:44,0.6900000000005093,09:00 AM
19,2023-08-06 09:30:00,2172631.0,2023-08-06T09:30:022023-08-06T09:30:192023-08-06T09:30:442023-08-06T09:31:082023-08-06T09:31:382023-08-06T09:32:022023-08-06T09:32:322023-08-06T09:32:562023-08-06T09:33:322023-08-06T09:33:552023-08-06T09:34:262023-08-06T09:34:382023-08-06T09:34:492023-08-06T09:34:562023-08-06T09:35:082023-08-06T09:35:202023-08-06T09:35:262023-08-06T09:35:322023-08-06T09:35:502023-08-06T09:35:562023-08-06T09:36:082023-08-06T09:36:202023-08-06T09:36:322023-08-06T09:36:442023-08-06T09:36:502023-08-06T09:36:562023-08-06T09:37:082023-08-06T09:37:142023-08-06T09:37:262023-08-06T09:37:312023-08-06T09:37:382023-08-06T09:37:502023-08-06T09:37:562023-08-06T09:38:252023-08-06T09:38:442023-08-06T09:38:502023-08-06T09:38:562023-08-06T09:39:082023-08-06T09:39:142023-08-06T09:39:262023-08-06T09:39:322023-08-06T09:39:442023-08-06T09:39:502023-08-06T09:40:022023-08-06T09:40:142023-08-06T09:40:202023-08-06T09:40:322023-08-06T09:40:382023-08-06T09:40:502023-08-06T09:41:022023-08-06T09:41:082023-08-06T09:41:142023-08-06T09:41:322023-08-06T09:41:562023-08-06T09:42:022023-08-06T09:42:082023-08-06T09:42:322023-08-06T09:42:382023-08-06T09:42:502023-08-06T09:43:022023-08-06T09:43:082023-08-06T09:43:142023-08-06T09:43:262023-08-06T09:43:322023-08-06T09:43:442023-08-06T09:43:502023-08-06T09:43:562023-08-06T09:44:082023-08-06T09:44:142023-08-06T09:44:262023-08-06T09:44:322023-08-06T09:44:442023-08-06T09:44:502023-08-06T09:45:022023-08-06T09:45:082023-08-06T09:45:142023-08-06T09:45:322023-08-06T09:45:382023-08-06T09:45:502023-08-06T09:46:022023-08-06T09:46:142023-08-06T09:46:202023-08-06T09:46:322023-08-06T09:46:382023-08-06T09:46:502023-08-06T09:46:562023-08-06T09:47:022023-08-06T09:47:142023-08-06T09:47:202023-08-06T09:47:382023-08-06T09:47:442023-08-06T09:47:562023-08-06T09:48:022023-08-06T09:48:082023-08-06T09:48:202023-08-06T09:48:262023-08-06T09:48:382023-08-06T09:48:442023-08-06T09:48:502023-08-06T09:49:322023-08-06T09:49:382023-08-06T09:49:502023-08-06T09:50:022023-08-06T09:50:082023-08-06T09:50:202023-08-06T09:50:262023-08-06T09:50:322023-08-06T09:50:442023-08-06T09:50:502023-08-06T09:51:022023-08-06T09:51:142023-08-06T09:51:262023-08-06T09:51:322023-08-06T09:51:442023-08-06T09:51:502023-08-06T09:51:562023-08-06T09:52:082023-08-06T09:52:142023-08-06T09:52:262023-08-06T09:52:322023-08-06T09:52:382023-08-06T09:52:442023-08-06T09:52:562023-08-06T09:53:022023-08-06T09:53:142023-08-06T09:53:202023-08-06T09:53:262023-08-06T09:53:382023-08-06T09:53:442023-08-06T09:53:502023-08-06T09:54:082023-08-06T09:54:142023-08-06T09:54:262023-08-06T09:54:322023-08-06T09:54:442023-08-06T09:54:502023-08-06T09:54:562023-08-06T09:55:082023-08-06T09:55:322023-08-06T09:55:382023-08-06T09:55:442023-08-06T09:56:022023-08-06T09:56:142023-08-06T09:56:202023-08-06T09:56:262023-08-06T09:56:502023-08-06T09:57:022023-08-06T09:57:082023-08-06T09:57:202023-08-06T09:57:262023-08-06T09:57:382023-08-06T09:57:502023-08-06T09:58:022023-08-06T09:58:142023-08-06T09:58:262023-08-06T09:58:382023-08-06T09:58:502023-08-06T09:58:562023-08-06T09:59:082023-08-06T09:59:202023-08-06T09:59:262023-08-06T09:59:382023-08-06T09:59:44,1.8799999999991996,09:30 AM
20,2023-08-06 10:00:00,2426237.6,2023-08-06T10:00:022023-08-06T10:00:082023-08-06T10:00:142023-08-06T10:00:262023-08-06T10:00:382023-08-06T10:00:502023-08-06T10:00:562023-08-06T10:01:082023-08-06T10:01:322023-08-06T10:01:442023-08-06T10:01:562023-08-06T10:02:022023-08-06T10:02:142023-08-06T10:02:262023-08-06T10:02:322023-08-06T10:02:502023-08-06T10:03:082023-08-06T10:03:142023-08-06T10:03:202023-08-06T10:03:382023-08-06T10:03:442023-08-06T10:03:502023-08-06T10:04:022023-08-06T10:04:202023-08-06T10:04:322023-08-06T10:04:442023-08-06T10:04:502023-08-06T10:05:022023-08-06T10:05:142023-08-06T10:05:202023-08-06T10:05:322023-08-06T10:05:442023-08-06T10:05:502023-08-06T10:06:082023-08-06T10:06:202023-08-06T10:06:262023-08-06T10:06:382023-08-06T10:06:502023-08-06T10:06:562023-08-06T10:07:082023-08-06T10:07:142023-08-06T10:07:262023-08-06T10:07:322023-08-06T10:07:442023-08-06T10:07:562023-08-06T10:08:022023-08-06T10:08:142023-08-06T10:08:202023-08-06T10:08:322023-08-06T10:08:382023-08-06T10:08:502023-08-06T10:09:022023-08-06T10:09:082023-08-06T10:09:202023-08-06T10:09:262023-08-06T10:09:382023-08-06T10:09:442023-08-06T10:09:562023-08-06T10:10:022023-08-06T10:10:142023-08-06T10:10:202023-08-06T10:10:322023-08-06T10:10:382023-08-06T10:10:502023-08-06T10:11:022023-08-06T10:11:082023-08-06T10:11:202023-08-06T10:11:262023-08-06T10:11:382023-08-06T10:11:442023-08-06T10:11:562023-08-06T10:12:082023-08-06T10:12:142023-08-06T10:12:262023-08-06T10:12:322023-08-06T10:12:442023-08-06T10:12:502023-08-06T10:13:022023-08-06T10:13:142023-08-06T10:13:202023-08-06T10:13:382023-08-06T10:13:442023-08-06T10:13:562023-08-06T10:14:022023-08-06T10:14:142023-08-06T10:14:262023-08-06T10:14:322023-08-06T10:14:382023-08-06T10:14:442023-08-06T10:15:082023-08-06T10:15:202023-08-06T10:15:262023-08-06T10:15:322023-08-06T10:15:382023-08-06T10:15:502023-08-06T10:15:562023-08-06T10:16:022023-08-06T10:16:142023-08-06T10:16:262023-08-06T10:16:322023-08-06T10:16:382023-08-06T10:16:502023-08-06T10:17:142023-08-06T10:17:262023-08-06T10:17:322023-08-06T10:17:442023-08-06T10:17:502023-08-06T10:18:022023-08-06T10:18:142023-08-06T10:18:202023-08-06T10:18:322023-08-06T10:18:382023-08-06T10:18:502023-08-06T10:18:562023-08-06T10:19:202023-08-06T10:19:262023-08-06T10:19:382023-08-06T10:19:442023-08-06T10:19:562023-08-06T10:20:022023-08-06T10:20:082023-08-06T10:20:202023-08-06T10:20:262023-08-06T10:20:382023-08-06T10:20:442023-08-06T10:20:562023-08-06T10:21:022023-08-06T10:21:142023-08-06T10:21:202023-08-06T10:21:382023-08-06T10:21:502023-08-06T10:21:562023-08-06T10:22:082023-08-06T10:22:142023-08-06T10:22:382023-08-06T10:22:442023-08-06T10:22:562023-08-06T10:23:022023-08-06T10:23:082023-08-06T10:23:202023-08-06T10:23:322023-08-06T10:23:382023-08-06T10:23:442023-08-06T10:23:502023-08-06T10:23:562023-08-06T10:24:022023-08-06T10:24:202023-08-06T10:24:262023-08-06T10:24:322023-08-06T10:24:382023-08-06T10:24:442023-08-06T10:24:502023-08-06T10:25:022023-08-06T10:25:082023-08-06T10:25:142023-08-06T10:25:262023-08-06T10:25:382023-08-06T10:25:442023-08-06T10:25:502023-08-06T10:26:082023-08-06T10:26:202023-08-06T10:26:262023-08-06T10:26:382023-08-06T10:26:442023-08-06T10:26:562023-08-06T10:27:022023-08-06T10:27:142023-08-06T10:27:202023-08-06T10:27:322023-08-06T10:27:382023-08-06T10:28:022023-08-06T10:28:082023-08-06T10:28:202023-08-06T10:28:262023-08-06T10:28:322023-08-06T10:29:022023-08-06T10:29:082023-08-06T10:29:202023-08-06T10:29:262023-08-06T10:29:382023-08-06T10:29:442023-08-06T10:29:56,2.0200000000004366,10:00 AM
21,2023-08-06 10:30:00,1733256.96,2023-08-06T10:30:022023-08-06T10:30:142023-08-06T10:30:202023-08-06T10:30:322023-08-06T10:30:382023-08-06T10:30:502023-08-06T10:30:562023-08-06T10:31:082023-08-06T10:31:142023-08-06T10:31:262023-08-06T10:31:322023-08-06T10:31:382023-08-06T10:31:502023-08-06T10:31:562023-08-06T10:32:082023-08-06T10:32:142023-08-06T10:32:262023-08-06T10:32:322023-08-06T10:32:502023-08-06T10:33:022023-08-06T10:33:142023-08-06T10:33:202023-08-06T10:33:262023-08-06T10:33:322023-08-06T10:33:502023-08-06T10:34:022023-08-06T10:34:142023-08-06T10:34:262023-08-06T10:34:382023-08-06T10:34:442023-08-06T10:34:562023-08-06T10:35:022023-08-06T10:35:082023-08-06T10:35:202023-08-06T10:35:322023-08-06T10:35:442023-08-06T10:35:562023-08-06T10:36:022023-08-06T10:36:142023-08-06T10:36:202023-08-06T10:36:262023-08-06T10:36:382023-08-06T10:36:442023-08-06T10:37:022023-08-06T10:37:082023-08-06T10:37:202023-08-06T10:37:262023-08-06T10:37:382023-08-06T10:37:442023-08-06T10:37:562023-08-06T10:38:082023-08-06T10:38:142023-08-06T10:38:262023-08-06T10:38:502023-08-06T10:38:562023-08-06T10:39:022023-08-06T10:39:142023-08-06T10:39:202023-08-06T10:39:262023-08-06T10:39:382023-08-06T10:39:442023-08-06T10:39:562023-08-06T10:40:082023-08-06T10:40:142023-08-06T10:40:202023-08-06T10:40:262023-08-06T10:40:382023-08-06T10:40:442023-08-06T10:41:022023-08-06T10:41:142023-08-06T10:41:202023-08-06T10:41:382023-08-06T10:41:502023-08-06T10:41:562023-08-06T10:42:022023-08-06T10:42:322023-08-06T10:42:382023-08-06T10:42:502023-08-06T10:43:022023-08-06T10:43:082023-08-06T10:43:142023-08-06T10:43:202023-08-06T10:43:322023-08-06T10:43:382023-08-06T10:44:262023-08-06T10:44:322023-08-06T10:44:382023-08-06T10:45:022023-08-06T10:45:082023-08-06T10:45:262023-08-06T10:45:382023-08-06T10:45:502023-08-06T10:46:022023-08-06T10:46:082023-08-06T10:46:202023-08-06T10:46:262023-08-06T10:46:322023-08-06T10:46:442023-08-06T10:46:502023-08-06T10:47:022023-08-06T10:47:082023-08-06T10:47:142023-08-06T10:47:322023-08-06T10:47:502023-08-06T10:48:082023-08-06T10:48:202023-08-06T10:48:262023-08-06T10:48:322023-08-06T10:48:442023-08-06T10:48:502023-08-06T10:49:022023-08-06T10:49:082023-08-06T10:49:262023-08-06T10:49:322023-08-06T10:49:502023-08-06T10:50:082023-08-06T10:50:442023-08-06T10:51:322023-08-06T10:52:202023-08-06T10:52:442023-08-06T10:53:382023-08-06T10:54:022023-08-06T10:54:442023-08-06T10:55:322023-08-06T10:56:322023-08-06T10:56:502023-08-06T10:57:322023-08-06T10:58:202023-08-06T10:59:022023-08-06T10:59:44,1.5300000000006548,10:30 AM
22,2023-08-06 11:00:00,1213397.47,2023-08-06T11:00:262023-08-06T11:01:142023-08-06T11:01:442023-08-06T11:02:142023-08-06T11:02:262023-08-06T11:02:442023-08-06T11:02:562023-08-06T11:03:022023-08-06T11:03:202023-08-06T11:03:262023-08-06T11:03:382023-08-06T11:04:022023-08-06T11:04:262023-08-06T11:04:322023-08-06T11:04:502023-08-06T11:04:562023-08-06T11:05:142023-08-06T11:05:202023-08-06T11:05:322023-08-06T11:05:442023-08-06T11:05:562023-08-06T11:06:082023-08-06T11:06:202023-08-06T11:06:322023-08-06T11:06:502023-08-06T11:06:562023-08-06T11:07:142023-08-06T11:07:322023-08-06T11:07:382023-08-06T11:07:502023-08-06T11:08:022023-08-06T11:08:142023-08-06T11:08:442023-08-06T11:08:502023-08-06T11:09:022023-08-06T11:09:382023-08-06T11:09:502023-08-06T11:10:022023-08-06T11:10:382023-08-06T11:10:502023-08-06T11:10:562023-08-06T11:11:082023-08-06T11:11:202023-08-06T11:11:442023-08-06T11:12:022023-08-06T11:12:202023-08-06T11:12:262023-08-06T11:12:442023-08-06T11:12:562023-08-06T11:13:022023-08-06T11:13:142023-08-06T11:13:442023-08-06T11:14:262023-08-06T11:15:142023-08-06T11:15:502023-08-06T11:16:322023-08-06T11:17:142023-08-06T11:17:562023-08-06T11:19:022023-08-06T11:19:082023-08-06T11:19:382023-08-06T11:19:502023-08-06T11:20:262023-08-06T11:20:382023-08-06T11:20:502023-08-06T11:21:082023-08-06T11:21:142023-08-06T11:21:262023-08-06T11:21:382023-08-06T11:21:502023-08-06T11:22:322023-08-06T11:22:382023-08-06T11:23:022023-08-06T11:23:082023-08-06T11:23:202023-08-06T11:23:382023-08-06T11:23:442023-08-06T11:24:022023-08-06T11:24:322023-08-06T11:24:382023-08-06T11:24:502023-08-06T11:25:022023-08-06T11:25:202023-08-06T11:25:322023-08-06T11:25:382023-08-06T11:26:142023-08-06T11:26:502023-08-06T11:27:322023-08-06T11:28:082023-08-06T11:28:502023-08-06T11:29:38,1.0399999999990541,11:00 AM
23,2023-08-06 11:30:00,720081.23,2023-08-06T11:30:202023-08-06T11:30:442023-08-06T11:31:262023-08-06T11:32:022023-08-06T11:32:442023-08-06T11:33:202023-08-06T11:34:022023-08-06T11:34:382023-08-06T11:35:202023-08-06T11:36:082023-08-06T11:36:382023-08-06T11:37:202023-08-06T11:37:562023-08-06T11:38:382023-08-06T11:39:202023-08-06T11:40:082023-08-06T11:40:382023-08-06T11:41:202023-08-06T11:42:082023-08-06T11:42:502023-08-06T11:43:322023-08-06T11:44:142023-08-06T11:44:502023-08-06T11:45:322023-08-06T11:46:142023-08-06T11:46:502023-08-06T11:47:322023-08-06T11:48:142023-08-06T11:48:562023-08-06T11:49:382023-08-06T11:50:142023-08-06T11:50:562023-08-06T11:51:442023-08-06T11:52:202023-08-06T11:53:082023-08-06T11:53:442023-08-06T11:54:322023-08-06T11:55:142023-08-06T11:56:022023-08-06T11:56:322023-08-06T11:56:382023-08-06T11:56:562023-08-06T11:57:022023-08-06T11:57:142023-08-06T11:57:262023-08-06T11:57:442023-08-06T11:58:022023-08-06T11:58:322023-08-06T11:58:442023-08-06T11:59:022023-08-06T11:59:142023-08-06T11:59:202023-08-06T11:59:382023-08-06T11:59:56,0.5600000000013097,11:30 AM
24,2023-08-06 12:00:00,1093515.02,2023-08-06T12:00:022023-08-06T12:00:142023-08-06T12:00:322023-08-06T12:00:442023-08-06T12:00:562023-08-06T12:01:082023-08-06T12:01:262023-08-06T12:01:442023-08-06T12:01:502023-08-06T12:02:082023-08-06T12:02:142023-08-06T12:02:262023-08-06T12:02:442023-08-06T12:02:562023-08-06T12:03:262023-08-06T12:03:322023-08-06T12:03:502023-08-06T12:04:082023-08-06T12:04:142023-08-06T12:04:262023-08-06T12:04:502023-08-06T12:05:382023-08-06T12:06:262023-08-06T12:07:022023-08-06T12:07:442023-08-06T12:08:322023-08-06T12:09:262023-08-06T12:10:022023-08-06T12:10:452023-08-06T12:11:392023-08-06T12:12:142023-08-06T12:12:562023-08-06T12:13:382023-08-06T12:14:262023-08-06T12:15:082023-08-06T12:15:382023-08-06T12:15:502023-08-06T12:16:022023-08-06T12:16:382023-08-06T12:17:202023-08-06T12:17:442023-08-06T12:18:022023-08-06T12:18:142023-08-06T12:18:262023-08-06T12:18:442023-08-06T12:19:142023-08-06T12:19:322023-08-06T12:19:562023-08-06T12:20:142023-08-06T12:20:202023-08-06T12:20:442023-08-06T12:20:502023-08-06T12:21:082023-08-06T12:21:452023-08-06T12:22:022023-08-06T12:22:142023-08-06T12:22:322023-08-06T12:22:442023-08-06T12:23:022023-08-06T12:23:142023-08-06T12:23:262023-08-06T12:23:442023-08-06T12:24:022023-08-06T12:24:152023-08-06T12:24:272023-08-06T12:24:442023-08-06T12:24:562023-08-06T12:25:092023-08-06T12:25:322023-08-06T12:25:382023-08-06T12:26:032023-08-06T12:26:502023-08-06T12:27:382023-08-06T12:27:512023-08-06T12:28:032023-08-06T12:28:262023-08-06T12:28:382023-08-06T12:28:502023-08-06T12:29:142023-08-06T12:29:262023-08-06T12:29:322023-08-06T12:29:56,0.8499999999985448,12:00 PM
25,2023-08-06 12:30:00,640138.32,2023-08-06T12:30:142023-08-06T12:30:202023-08-06T12:31:022023-08-06T12:31:502023-08-06T12:32:332023-08-06T12:33:152023-08-06T12:33:562023-08-06T12:34:442023-08-06T12:35:262023-08-06T12:36:142023-08-06T12:37:032023-08-06T12:37:452023-08-06T12:38:322023-08-06T12:39:142023-08-06T12:40:022023-08-06T12:40:512023-08-06T12:41:332023-08-06T12:42:202023-08-06T12:43:022023-08-06T12:43:502023-08-06T12:44:322023-08-06T12:45:212023-08-06T12:46:152023-08-06T12:46:502023-08-06T12:47:322023-08-06T12:48:142023-08-06T12:49:082023-08-06T12:49:442023-08-06T12:50:262023-08-06T12:51:082023-08-06T12:51:512023-08-06T12:52:332023-08-06T12:53:202023-08-06T12:53:572023-08-06T12:54:442023-08-06T12:55:152023-08-06T12:56:022023-08-06T12:56:392023-08-06T12:57:262023-08-06T12:58:022023-08-06T12:58:142023-08-06T12:58:322023-08-06T12:58:442023-08-06T12:58:562023-08-06T12:59:332023-08-06T12:59:452023-08-06T12:59:502023-08-06T12:59:57,0.48000000000138243,12:30 PM
26,2023-08-06 13:00:00,2120649.28,2023-08-06T13:00:082023-08-06T13:00:202023-08-06T13:00:272023-08-06T13:00:392023-08-06T13:00:562023-08-06T13:01:022023-08-06T13:01:142023-08-06T13:01:212023-08-06T13:01:332023-08-06T13:01:382023-08-06T13:01:502023-08-06T13:01:562023-08-06T13:02:082023-08-06T13:02:152023-08-06T13:02:272023-08-06T13:02:322023-08-06T13:02:442023-08-06T13:02:502023-08-06T13:03:022023-08-06T13:03:142023-08-06T13:03:442023-08-06T13:03:512023-08-06T13:03:562023-08-06T13:04:272023-08-06T13:04:322023-08-06T13:04:382023-08-06T13:04:502023-08-06T13:04:572023-08-06T13:05:022023-08-06T13:05:142023-08-06T13:05:212023-08-06T13:05:262023-08-06T13:05:322023-08-06T13:05:392023-08-06T13:05:562023-08-06T13:06:082023-08-06T13:06:272023-08-06T13:06:332023-08-06T13:06:382023-08-06T13:06:452023-08-06T13:06:502023-08-06T13:06:572023-08-06T13:07:022023-08-06T13:07:092023-08-06T13:07:142023-08-06T13:07:212023-08-06T13:07:272023-08-06T13:07:442023-08-06T13:07:562023-08-06T13:08:152023-08-06T13:08:212023-08-06T13:08:382023-08-06T13:08:502023-08-06T13:09:022023-08-06T13:09:092023-08-06T13:09:202023-08-06T13:09:322023-08-06T13:09:392023-08-06T13:09:442023-08-06T13:09:562023-08-06T13:10:032023-08-06T13:10:212023-08-06T13:10:332023-08-06T13:10:452023-08-06T13:10:502023-08-06T13:10:572023-08-06T13:11:082023-08-06T13:11:202023-08-06T13:11:272023-08-06T13:11:392023-08-06T13:11:572023-08-06T13:12:022023-08-06T13:12:142023-08-06T13:12:382023-08-06T13:12:452023-08-06T13:12:562023-08-06T13:13:032023-08-06T13:13:152023-08-06T13:13:202023-08-06T13:13:322023-08-06T13:13:392023-08-06T13:13:502023-08-06T13:14:092023-08-06T13:14:212023-08-06T13:14:392023-08-06T13:14:512023-08-06T13:14:562023-08-06T13:15:082023-08-06T13:15:152023-08-06T13:15:272023-08-06T13:15:332023-08-06T13:15:452023-08-06T13:15:502023-08-06T13:16:022023-08-06T13:16:142023-08-06T13:16:212023-08-06T13:16:322023-08-06T13:16:442023-08-06T13:16:562023-08-06T13:17:032023-08-06T13:17:082023-08-06T13:17:212023-08-06T13:17:262023-08-06T13:17:452023-08-06T13:18:022023-08-06T13:18:092023-08-06T13:18:202023-08-06T13:18:322023-08-06T13:18:442023-08-06T13:19:032023-08-06T13:19:142023-08-06T13:19:212023-08-06T13:19:332023-08-06T13:19:382023-08-06T13:19:572023-08-06T13:20:082023-08-06T13:20:202023-08-06T13:20:272023-08-06T13:20:392023-08-06T13:20:442023-08-06T13:21:142023-08-06T13:21:332023-08-06T13:21:452023-08-06T13:21:512023-08-06T13:22:032023-08-06T13:22:152023-08-06T13:22:392023-08-06T13:22:512023-08-06T13:23:022023-08-06T13:23:092023-08-06T13:23:212023-08-06T13:23:262023-08-06T13:23:392023-08-06T13:23:512023-08-06T13:24:032023-08-06T13:24:202023-08-06T13:24:272023-08-06T13:24:332023-08-06T13:24:572023-08-06T13:25:022023-08-06T13:25:142023-08-06T13:25:272023-08-06T13:25:332023-08-06T13:25:392023-08-06T13:25:512023-08-06T13:26:032023-08-06T13:26:082023-08-06T13:26:212023-08-06T13:26:272023-08-06T13:26:382023-08-06T13:26:452023-08-06T13:26:572023-08-06T13:27:022023-08-06T13:27:152023-08-06T13:27:212023-08-06T13:27:322023-08-06T13:28:212023-08-06T13:29:092023-08-06T13:29:57,1.889999999999418,01:00 PM
27,2023-08-06 13:30:00,546880.78,2023-08-06T13:30:512023-08-06T13:31:272023-08-06T13:32:092023-08-06T13:32:512023-08-06T13:33:392023-08-06T13:34:092023-08-06T13:34:512023-08-06T13:35:332023-08-06T13:36:212023-08-06T13:36:562023-08-06T13:37:382023-08-06T13:38:152023-08-06T13:38:572023-08-06T13:39:382023-08-06T13:40:202023-08-06T13:41:032023-08-06T13:41:452023-08-06T13:42:272023-08-06T13:43:562023-08-06T13:44:332023-08-06T13:45:152023-08-06T13:46:032023-08-06T13:46:572023-08-06T13:47:212023-08-06T13:48:092023-08-06T13:48:512023-08-06T13:49:322023-08-06T13:50:262023-08-06T13:51:032023-08-06T13:51:392023-08-06T13:52:332023-08-06T13:53:152023-08-06T13:53:572023-08-06T13:54:332023-08-06T13:55:152023-08-06T13:55:572023-08-06T13:56:442023-08-06T13:57:272023-08-06T13:58:032023-08-06T13:58:512023-08-06T13:59:39,0.42000000000007276,01:30 PM
28,2023-08-06 14:00:00,466862.9,2023-08-06T14:00:152023-08-06T14:00:572023-08-06T14:01:452023-08-06T14:02:332023-08-06T14:02:572023-08-06T14:03:452023-08-06T14:04:212023-08-06T14:04:572023-08-06T14:05:442023-08-06T14:06:212023-08-06T14:06:572023-08-06T14:07:392023-08-06T14:08:212023-08-06T14:09:032023-08-06T14:09:452023-08-06T14:10:332023-08-06T14:11:032023-08-06T14:11:452023-08-06T14:12:272023-08-06T14:13:092023-08-06T14:13:512023-08-06T14:14:272023-08-06T14:15:212023-08-06T14:16:272023-08-06T14:17:332023-08-06T14:18:392023-08-06T14:19:392023-08-06T14:20:572023-08-06T14:22:032023-08-06T14:23:212023-08-06T14:24:332023-08-06T14:25:452023-08-06T14:26:572023-08-06T14:28:092023-08-06T14:29:21,0.3500000000003638,02:00 PM
29,2023-08-06 14:30:00,346820.37,2023-08-06T14:30:332023-08-06T14:31:452023-08-06T14:32:572023-08-06T14:34:152023-08-06T14:35:272023-08-06T14:36:392023-08-06T14:37:512023-08-06T14:39:032023-08-06T14:40:152023-08-06T14:41:272023-08-06T14:42:332023-08-06T14:43:392023-08-06T14:44:452023-08-06T14:45:452023-08-06T14:46:512023-08-06T14:47:572023-08-06T14:49:032023-08-06T14:50:092023-08-06T14:51:212023-08-06T14:52:152023-08-06T14:53:212023-08-06T14:54:272023-08-06T14:55:332023-08-06T14:56:332023-08-06T14:57:392023-08-06T14:58:51,0.2600000000002183,02:30 PM
30,2023-08-06 15:00:00,426865.12,2023-08-06T15:00:032023-08-06T15:01:152023-08-06T15:02:272023-08-06T15:03:332023-08-06T15:04:452023-08-06T15:05:572023-08-06T15:06:572023-08-06T15:08:032023-08-06T15:09:152023-08-06T15:10:092023-08-06T15:11:032023-08-06T15:12:032023-08-06T15:13:092023-08-06T15:14:152023-08-06T15:15:152023-08-06T15:16:152023-08-06T15:17:212023-08-06T15:18:032023-08-06T15:18:572023-08-06T15:19:392023-08-06T15:20:272023-08-06T15:21:152023-08-06T15:21:572023-08-06T15:22:452023-08-06T15:23:332023-08-06T15:24:152023-08-06T15:25:032023-08-06T15:25:512023-08-06T15:26:392023-08-06T15:27:272023-08-06T15:28:092023-08-06T15:29:03,0.31999999999970896,03:00 PM
31,2023-08-06 15:30:00,520256.36,2023-08-06T15:30:032023-08-06T15:31:032023-08-06T15:31:092023-08-06T15:31:332023-08-06T15:31:452023-08-06T15:32:032023-08-06T15:32:212023-08-06T15:32:272023-08-06T15:32:452023-08-06T15:32:512023-08-06T15:33:152023-08-06T15:33:332023-08-06T15:33:452023-08-06T15:34:032023-08-06T15:34:332023-08-06T15:35:392023-08-06T15:36:332023-08-06T15:37:272023-08-06T15:38:272023-08-06T15:39:212023-08-06T15:40:092023-08-06T15:40:572023-08-06T15:41:572023-08-06T15:43:032023-08-06T15:44:032023-08-06T15:45:152023-08-06T15:45:572023-08-06T15:46:572023-08-06T15:47:512023-08-06T15:48:512023-08-06T15:49:512023-08-06T15:50:512023-08-06T15:51:572023-08-06T15:53:092023-08-06T15:54:152023-08-06T15:55:212023-08-06T15:56:332023-08-06T15:57:392023-08-06T15:58:57,0.4099999999998545,03:30 PM
32,2023-08-06 16:00:00,533612.2,2023-08-06T16:00:152023-08-06T16:01:392023-08-06T16:02:572023-08-06T16:04:152023-08-06T16:05:332023-08-06T16:06:512023-08-06T16:07:572023-08-06T16:09:092023-08-06T16:10:212023-08-06T16:11:092023-08-06T16:11:452023-08-06T16:12:272023-08-06T16:13:032023-08-06T16:13:392023-08-06T16:14:152023-08-06T16:14:512023-08-06T16:15:272023-08-06T16:16:152023-08-06T16:16:452023-08-06T16:17:212023-08-06T16:17:572023-08-06T16:18:332023-08-06T16:19:092023-08-06T16:19:452023-08-06T16:20:212023-08-06T16:21:032023-08-06T16:21:392023-08-06T16:22:152023-08-06T16:22:512023-08-06T16:23:332023-08-06T16:24:092023-08-06T16:24:512023-08-06T16:25:212023-08-06T16:25:572023-08-06T16:26:332023-08-06T16:27:152023-08-06T16:27:452023-08-06T16:28:272023-08-06T16:29:032023-08-06T16:29:45,0.3999999999996362,04:00 PM
