timestamp,state,last_changed,strftime,time_period,cost
2024-08-07 21:00:00+12:00,1.2999999999992724,2024-08-07T09:00:58.116506+00:002024-08-07T09:03:28.092711+00:002024-08-07T09:05:28.180058+00:002024-08-07T09:06:58.031590+00:002024-08-07T09:09:28.250492+00:002024-08-07T09:10:58.053048+00:002024-08-07T09:12:28.096372+00:002024-08-07T09:13:28.138653+00:002024-08-07T09:14:58.542608+00:002024-08-07T09:16:28.057327+00:002024-08-07T09:18:28.070165+00:002024-08-07T09:25:58.085525+00:002024-08-07T09:28:58.033665+00:00,09:00 PM09:03 PM09:05 PM09:06 PM09:09 PM09:10 PM09:12 PM09:13 PM09:14 PM09:16 PM09:18 PM09:25 PM09:28 PM,off_peak_shoulder,0.24075999999986525
2024-08-07 21:30:00+12:00,1.2000000000007276,2024-08-07T09:30:58.155652+00:002024-08-07T09:32:58.044277+00:002024-08-07T09:34:28.072036+00:002024-08-07T09:39:28.094871+00:002024-08-07T09:43:28.381314+00:002024-08-07T09:45:58.214414+00:002024-08-07T09:47:58.078728+00:002024-08-07T09:53:28.095052+00:002024-08-07T09:55:58.118477+00:002024-08-07T09:57:28.127135+00:002024-08-07T09:58:28.147629+00:002024-08-07T09:59:28.136915+00:00,09:30 PM09:32 PM09:34 PM09:39 PM09:43 PM09:45 PM09:47 PM09:53 PM09:55 PM09:57 PM09:58 PM09:59 PM,off_peak_shoulder,0.22224000000013475
2024-08-07 22:00:00+12:00,1.0,2024-08-07T10:00:58.333961+00:002024-08-07T10:01:58.136132+00:002024-08-07T10:02:58.217912+00:002024-08-07T10:04:28.085269+00:002024-08-07T10:07:28.083269+00:002024-08-07T10:11:28.092295+00:002024-08-07T10:13:58.163155+00:002024-08-07T10:20:28.073671+00:002024-08-07T10:23:58.084458+00:002024-08-07T10:26:28.101277+00:00,10:00 PM10:01 PM10:02 PM10:04 PM10:07 PM10:11 PM10:13 PM10:20 PM10:23 PM10:26 PM,off_peak_shoulder,0.1852
2024-08-07 22:30:00+12:00,1.3999999999978172,2024-08-07T10:33:28.051383+00:002024-08-07T10:34:58.043476+00:002024-08-07T10:36:28.061648+00:002024-08-07T10:37:28.065243+00:002024-08-07T10:38:28.070902+00:002024-08-07T10:39:58.080581+00:002024-08-07T10:44:58.150544+00:002024-08-07T10:47:28.139109+00:002024-08-07T10:49:28.051215+00:002024-08-07T10:51:28.437525+00:002024-08-07T10:52:58.075967+00:002024-08-07T10:54:28.118843+00:002024-08-07T10:55:58.156358+00:002024-08-07T10:57:58.195532+00:00,10:33 PM10:34 PM10:36 PM10:37 PM10:38 PM10:39 PM10:44 PM10:47 PM10:49 PM10:51 PM10:52 PM10:54 PM10:55 PM10:57 PM,off_peak_shoulder,0.2592799999995958
2024-08-07 23:00:00+12:00,4.700000000000728,2024-08-07T11:00:28.187369+00:002024-08-07T11:00:58.173420+00:002024-08-07T11:01:28.076746+00:002024-08-07T11:01:58.142758+00:002024-08-07T11:02:28.438589+00:002024-08-07T11:02:58.142636+00:002024-08-07T11:03:28.204955+00:002024-08-07T11:03:58.052949+00:002024-08-07T11:04:28.339599+00:002024-08-07T11:04:58.081120+00:002024-08-07T11:05:28.465548+00:002024-08-07T11:05:58.039769+00:002024-08-07T11:06:28.329659+00:002024-08-07T11:06:58.366641+00:002024-08-07T11:07:28.145992+00:002024-08-07T11:07:58.124875+00:002024-08-07T11:08:28.414135+00:002024-08-07T11:09:28.111305+00:002024-08-07T11:09:58.235917+00:002024-08-07T11:10:28.083106+00:002024-08-07T11:10:58.240490+00:002024-08-07T11:11:58.061348+00:002024-08-07T11:12:28.167570+00:002024-08-07T11:12:58.192212+00:002024-08-07T11:13:58.108922+00:002024-08-07T11:14:28.158849+00:002024-08-07T11:14:58.109286+00:002024-08-07T11:15:58.173915+00:002024-08-07T11:16:28.054565+00:002024-08-07T11:16:58.037701+00:002024-08-07T11:17:58.101545+00:002024-08-07T11:18:28.637138+00:002024-08-07T11:18:58.052581+00:002024-08-07T11:19:28.073882+00:002024-08-07T11:20:28.051474+00:002024-08-07T11:20:58.082258+00:002024-08-07T11:21:28.073115+00:002024-08-07T11:22:28.095035+00:002024-08-07T11:22:58.238840+00:002024-08-07T11:23:58.311005+00:002024-08-07T11:24:28.171645+00:002024-08-07T11:25:28.371128+00:002024-08-07T11:25:58.067213+00:002024-08-07T11:26:58.084312+00:002024-08-07T11:27:58.196720+00:002024-08-07T11:28:28.081917+00:002024-08-07T11:29:28.142811+00:00,11:00 PM11:00 PM11:01 PM11:01 PM11:02 PM11:02 PM11:03 PM11:03 PM11:04 PM11:04 PM11:05 PM11:05 PM11:06 PM11:06 PM11:07 PM11:07 PM11:08 PM11:09 PM11:09 PM11:10 PM11:10 PM11:11 PM11:12 PM11:12 PM11:13 PM11:14 PM11:14 PM11:15 PM11:16 PM11:16 PM11:17 PM11:18 PM11:18 PM11:19 PM11:20 PM11:20 PM11:21 PM11:22 PM11:22 PM11:23 PM11:24 PM11:25 PM11:25 PM11:26 PM11:27 PM11:28 PM11:29 PM,off_peak,0.6218100000000962
2024-08-07 23:30:00+12:00,4.0,2024-08-07T11:30:28.192085+00:002024-08-07T11:30:58.154487+00:002024-08-07T11:31:58.048260+00:002024-08-07T11:32:28.135621+00:002024-08-07T11:33:28.245915+00:002024-08-07T11:34:28.042426+00:002024-08-07T11:34:58.079026+00:002024-08-07T11:35:58.055567+00:002024-08-07T11:36:58.343480+00:002024-08-07T11:37:28.074042+00:002024-08-07T11:37:58.069882+00:002024-08-07T11:38:28.079984+00:002024-08-07T11:38:58.065895+00:002024-08-07T11:39:58.058174+00:002024-08-07T11:40:28.074724+00:002024-08-07T11:40:58.079618+00:002024-08-07T11:41:28.086170+00:002024-08-07T11:41:58.082041+00:002024-08-07T11:42:58.125801+00:002024-08-07T11:43:58.098102+00:002024-08-07T11:44:28.099545+00:002024-08-07T11:45:28.085462+00:002024-08-07T11:46:28.253582+00:002024-08-07T11:46:58.124609+00:002024-08-07T11:47:58.113402+00:002024-08-07T11:48:58.393302+00:002024-08-07T11:49:28.150919+00:002024-08-07T11:50:28.284569+00:002024-08-07T11:51:28.053281+00:002024-08-07T11:51:58.130067+00:002024-08-07T11:52:58.033823+00:002024-08-07T11:53:28.322176+00:002024-08-07T11:54:28.095469+00:002024-08-07T11:55:29.408608+00:002024-08-07T11:55:59.134193+00:002024-08-07T11:56:59.163464+00:002024-08-07T11:57:29.033436+00:002024-08-07T11:58:29.142160+00:002024-08-07T11:59:29.137960+00:002024-08-07T11:59:59.026805+00:00,11:30 PM11:30 PM11:31 PM11:32 PM11:33 PM11:34 PM11:34 PM11:35 PM11:36 PM11:37 PM11:37 PM11:38 PM11:38 PM11:39 PM11:40 PM11:40 PM11:41 PM11:41 PM11:42 PM11:43 PM11:44 PM11:45 PM11:46 PM11:46 PM11:47 PM11:48 PM11:49 PM11:50 PM11:51 PM11:51 PM11:52 PM11:53 PM11:54 PM11:55 PM11:55 PM11:56 PM11:57 PM11:58 PM11:59 PM11:59 PM,off_peak,0.5292
2024-08-08 00:00:00+12:00,3.900000000001455,2024-08-07T12:00:59.183741+00:002024-08-07T12:01:59.071389+00:002024-08-07T12:02:29.148454+00:002024-08-07T12:03:29.082938+00:002024-08-07T12:03:59.208360+00:002024-08-07T12:04:59.031909+00:002024-08-07T12:05:59.079623+00:002024-08-07T12:06:29.101896+00:002024-08-07T12:07:29.062320+00:002024-08-07T12:07:59.083992+00:002024-08-07T12:08:59.078584+00:002024-08-07T12:09:59.040784+00:002024-08-07T12:10:29.092575+00:002024-08-07T12:11:29.109816+00:002024-08-07T12:12:29.050422+00:002024-08-07T12:12:59.116623+00:002024-08-07T12:13:59.127097+00:002024-08-07T12:14:29.134230+00:002024-08-07T12:15:29.323229+00:002024-08-07T12:16:29.143422+00:002024-08-07T12:16:59.264839+00:002024-08-07T12:17:59.058112+00:002024-08-07T12:18:29.055610+00:002024-08-07T12:19:29.065049+00:002024-08-07T12:20:29.087794+00:002024-08-07T12:20:59.069737+00:002024-08-07T12:21:59.173429+00:002024-08-07T12:22:29.045047+00:002024-08-07T12:22:59.314274+00:002024-08-07T12:23:29.303869+00:002024-08-07T12:23:59.087419+00:002024-08-07T12:24:59.027909+00:002024-08-07T12:25:29.095113+00:002024-08-07T12:25:59.111346+00:002024-08-07T12:26:29.133303+00:002024-08-07T12:27:29.053118+00:002024-08-07T12:27:59.155329+00:002024-08-07T12:28:59.121737+00:002024-08-07T12:29:59.034939+00:00,12:00 AM12:01 AM12:02 AM12:03 AM12:03 AM12:04 AM12:05 AM12:06 AM12:07 AM12:07 AM12:08 AM12:09 AM12:10 AM12:11 AM12:12 AM12:12 AM12:13 AM12:14 AM12:15 AM12:16 AM12:16 AM12:17 AM12:18 AM12:19 AM12:20 AM12:20 AM12:21 AM12:22 AM12:22 AM12:23 AM12:23 AM12:24 AM12:25 AM12:25 AM12:26 AM12:27 AM12:27 AM12:28 AM12:29 AM,off_peak,0.5159700000001926
2024-08-08 00:30:00+12:00,3.6999999999970896,2024-08-07T12:30:29.191638+00:002024-08-07T12:31:29.142910+00:002024-08-07T12:32:29.054363+00:002024-08-07T12:32:59.054238+00:002024-08-07T12:33:59.063649+00:002024-08-07T12:34:29.057045+00:002024-08-07T12:35:29.074889+00:002024-08-07T12:36:29.091039+00:002024-08-07T12:36:59.037901+00:002024-08-07T12:37:59.075867+00:002024-08-07T12:38:59.083732+00:002024-08-07T12:39:29.079865+00:002024-08-07T12:40:29.055088+00:002024-08-07T12:41:29.101325+00:002024-08-07T12:41:59.110910+00:002024-08-07T12:42:59.176013+00:002024-08-07T12:43:29.118603+00:002024-08-07T12:44:29.119286+00:002024-08-07T12:45:29.196913+00:002024-08-07T12:45:59.159244+00:002024-08-07T12:46:59.139993+00:002024-08-07T12:47:59.064803+00:002024-08-07T12:48:29.104553+00:002024-08-07T12:49:29.079820+00:002024-08-07T12:49:59.034461+00:002024-08-07T12:50:59.075031+00:002024-08-07T12:51:59.151604+00:002024-08-07T12:52:29.052751+00:002024-08-07T12:53:29.084389+00:002024-08-07T12:53:59.093011+00:002024-08-07T12:54:59.023668+00:002024-08-07T12:55:59.200538+00:002024-08-07T12:56:29.121680+00:002024-08-07T12:57:29.075686+00:002024-08-07T12:57:59.137592+00:002024-08-07T12:58:59.184298+00:002024-08-07T12:59:59.031080+00:00,12:30 AM12:31 AM12:32 AM12:32 AM12:33 AM12:34 AM12:35 AM12:36 AM12:36 AM12:37 AM12:38 AM12:39 AM12:40 AM12:41 AM12:41 AM12:42 AM12:43 AM12:44 AM12:45 AM12:45 AM12:46 AM12:47 AM12:48 AM12:49 AM12:49 AM12:50 AM12:51 AM12:52 AM12:53 AM12:53 AM12:54 AM12:55 AM12:56 AM12:57 AM12:57 AM12:58 AM12:59 AM,off_peak,0.489509999999615
2024-08-08 01:00:00+12:00,4.100000000002183,2024-08-07T13:00:29.151454+00:002024-08-07T13:01:29.135153+00:002024-08-07T13:01:59.153494+00:002024-08-07T13:02:59.156596+00:002024-08-07T13:03:59.034019+00:002024-08-07T13:04:29.054533+00:002024-08-07T13:05:29.063026+00:002024-08-07T13:06:29.076750+00:002024-08-07T13:06:59.053044+00:002024-08-07T13:07:59.077418+00:002024-08-07T13:08:29.200606+00:002024-08-07T13:09:29.088350+00:002024-08-07T13:10:29.087144+00:002024-08-07T13:10:59.099967+00:002024-08-07T13:11:59.045074+00:002024-08-07T13:12:29.064271+00:002024-08-07T13:13:29.187720+00:002024-08-07T13:14:29.120949+00:002024-08-07T13:14:59.005388+00:002024-08-07T13:15:59.205088+00:002024-08-07T13:16:29.135878+00:002024-08-07T13:17:29.044085+00:002024-08-07T13:17:59.166317+00:002024-08-07T13:18:29.169686+00:002024-08-07T13:18:59.073462+00:002024-08-07T13:19:29.050830+00:002024-08-07T13:19:59.046932+00:002024-08-07T13:20:29.062904+00:002024-08-07T13:21:29.087225+00:002024-08-07T13:21:59.090328+00:002024-08-07T13:22:29.045656+00:002024-08-07T13:22:59.070462+00:002024-08-07T13:23:29.064768+00:002024-08-07T13:23:59.124342+00:002024-08-07T13:24:59.101200+00:002024-08-07T13:25:59.168720+00:002024-08-07T13:26:29.256117+00:002024-08-07T13:27:29.024436+00:002024-08-07T13:27:59.093966+00:002024-08-07T13:28:59.104512+00:002024-08-07T13:29:59.011489+00:00,01:00 AM01:01 AM01:01 AM01:02 AM01:03 AM01:04 AM01:05 AM01:06 AM01:06 AM01:07 AM01:08 AM01:09 AM01:10 AM01:10 AM01:11 AM01:12 AM01:13 AM01:14 AM01:14 AM01:15 AM01:16 AM01:17 AM01:17 AM01:18 AM01:18 AM01:19 AM01:19 AM01:20 AM01:21 AM01:21 AM01:22 AM01:22 AM01:23 AM01:23 AM01:24 AM01:25 AM01:26 AM01:27 AM01:27 AM01:28 AM01:29 AM,off_peak,0.5424300000002887
2024-08-08 01:30:00+12:00,2.099999999998545,2024-08-07T13:30:59.226924+00:002024-08-07T13:31:59.176524+00:002024-08-07T13:32:59.162453+00:002024-08-07T13:33:59.120315+00:002024-08-07T13:34:59.025309+00:002024-08-07T13:35:59.062013+00:002024-08-07T13:36:59.088581+00:002024-08-07T13:37:59.085548+00:002024-08-07T13:38:59.080885+00:002024-08-07T13:39:59.026783+00:002024-08-07T13:40:59.096403+00:002024-08-07T13:41:59.092258+00:002024-08-07T13:42:59.334201+00:002024-08-07T13:43:59.129138+00:002024-08-07T13:44:59.056036+00:002024-08-07T13:47:29.029482+00:002024-08-07T13:49:59.031075+00:002024-08-07T13:52:29.037652+00:002024-08-07T13:54:59.032825+00:002024-08-07T13:57:29.042645+00:002024-08-07T13:59:59.100287+00:00,01:30 AM01:31 AM01:32 AM01:33 AM01:34 AM01:35 AM01:36 AM01:37 AM01:38 AM01:39 AM01:40 AM01:41 AM01:42 AM01:43 AM01:44 AM01:47 AM01:49 AM01:52 AM01:54 AM01:57 AM01:59 AM,off_peak,0.27782999999980745
2024-08-08 02:00:00+12:00,1.7000000000007276,2024-08-07T14:02:29.051229+00:002024-08-07T14:04:59.278988+00:002024-08-07T14:07:29.125046+00:002024-08-07T14:09:59.043879+00:002024-08-07T14:12:29.052141+00:002024-08-07T14:14:29.357815+00:002024-08-07T14:15:59.187597+00:002024-08-07T14:16:59.129410+00:002024-08-07T14:18:29.156100+00:002024-08-07T14:19:59.034389+00:002024-08-07T14:21:29.075469+00:002024-08-07T14:22:59.290240+00:002024-08-07T14:24:29.080997+00:002024-08-07T14:25:59.084213+00:002024-08-07T14:26:59.081949+00:002024-08-07T14:28:29.094226+00:002024-08-07T14:29:59.034460+00:00,02:02 AM02:04 AM02:07 AM02:09 AM02:12 AM02:14 AM02:15 AM02:16 AM02:18 AM02:19 AM02:21 AM02:22 AM02:24 AM02:25 AM02:26 AM02:28 AM02:29 AM,off_peak,0.22491000000009626
2024-08-08 02:30:00+12:00,2.0,2024-08-07T14:31:29.093902+00:002024-08-07T14:32:59.125619+00:002024-08-07T14:34:29.145961+00:002024-08-07T14:35:59.161769+00:002024-08-07T14:37:29.073853+00:002024-08-07T14:38:59.191691+00:002024-08-07T14:40:29.099005+00:002024-08-07T14:41:29.080674+00:002024-08-07T14:42:29.037914+00:002024-08-07T14:42:59.119575+00:002024-08-07T14:43:59.091763+00:002024-08-07T14:44:59.048518+00:002024-08-07T14:45:29.157066+00:002024-08-07T14:46:29.140015+00:002024-08-07T14:47:59.195355+00:002024-08-07T14:49:59.080688+00:002024-08-07T14:51:59.025845+00:002024-08-07T14:54:29.045154+00:002024-08-07T14:56:59.311872+00:002024-08-07T14:59:29.089840+00:00,02:31 AM02:32 AM02:34 AM02:35 AM02:37 AM02:38 AM02:40 AM02:41 AM02:42 AM02:42 AM02:43 AM02:44 AM02:45 AM02:46 AM02:47 AM02:49 AM02:51 AM02:54 AM02:56 AM02:59 AM,off_peak,0.2646
2024-08-08 03:00:00+12:00,1.2000000000007276,2024-08-07T15:01:59.084797+00:002024-08-07T15:04:29.153544+00:002024-08-07T15:06:59.052883+00:002024-08-07T15:09:29.067539+00:002024-08-07T15:11:59.071880+00:002024-08-07T15:14:29.032802+00:002024-08-07T15:16:59.091577+00:002024-08-07T15:19:29.133552+00:002024-08-07T15:21:59.050143+00:002024-08-07T15:24:29.155089+00:002024-08-07T15:26:59.089432+00:002024-08-07T15:29:29.093800+00:00,03:01 AM03:04 AM03:06 AM03:09 AM03:11 AM03:14 AM03:16 AM03:19 AM03:21 AM03:24 AM03:26 AM03:29 AM,off_peak,0.15876000000009627
2024-08-08 03:30:00+12:00,1.2000000000007276,2024-08-07T15:31:59.126539+00:002024-08-07T15:34:29.132874+00:002024-08-07T15:36:59.144429+00:002024-08-07T15:39:29.047781+00:002024-08-07T15:41:59.072328+00:002024-08-07T15:44:29.319398+00:002024-08-07T15:47:00.129048+00:002024-08-07T15:49:30.164623+00:002024-08-07T15:52:00.091614+00:002024-08-07T15:54:30.376313+00:002024-08-07T15:57:00.095303+00:002024-08-07T15:59:30.014508+00:00,03:31 AM03:34 AM03:36 AM03:39 AM03:41 AM03:44 AM03:47 AM03:49 AM03:52 AM03:54 AM03:57 AM03:59 AM,off_peak,0.15876000000009627
2024-08-08 04:00:00+12:00,1.3999999999978172,2024-08-07T16:02:00.150782+00:002024-08-07T16:04:30.149928+00:002024-08-07T16:07:01.071531+00:002024-08-07T16:09:31.131393+00:002024-08-07T16:12:01.195077+00:002024-08-07T16:14:31.023899+00:002024-08-07T16:17:01.208586+00:002024-08-07T16:19:31.059134+00:002024-08-07T16:21:01.069595+00:002024-08-07T16:22:01.082511+00:002024-08-07T16:23:01.089362+00:002024-08-07T16:24:01.077473+00:002024-08-07T16:26:32.137269+00:002024-08-07T16:29:02.086378+00:00,04:02 AM04:04 AM04:07 AM04:09 AM04:12 AM04:14 AM04:17 AM04:19 AM04:21 AM04:22 AM04:23 AM04:24 AM04:26 AM04:29 AM,off_peak,0.18521999999971123
2024-08-08 04:30:00+12:00,0.9000000000014552,2024-08-07T16:31:32.087231+00:002024-08-07T16:34:02.570087+00:002024-08-07T16:36:32.065832+00:002024-08-07T16:39:32.662569+00:002024-08-07T16:42:02.234147+00:002024-08-07T16:45:02.153469+00:002024-08-07T16:48:32.100040+00:002024-08-07T16:52:02.113163+00:002024-08-07T16:56:32.143328+00:00,04:31 AM04:34 AM04:36 AM04:39 AM04:42 AM04:45 AM04:48 AM04:52 AM04:56 AM,off_peak,0.11907000000019252
2024-08-08 05:00:00+12:00,0.3999999999978172,2024-08-07T17:01:02.118389+00:002024-08-07T17:06:02.074004+00:002024-08-07T17:14:02.142823+00:002024-08-07T17:22:02.082076+00:00,05:01 AM05:06 AM05:14 AM05:22 AM,off_peak,0.05291999999971122
2024-08-08 05:30:00+12:00,0.6000000000021828,2024-08-07T17:30:32.266477+00:002024-08-07T17:38:34.140607+00:002024-08-07T17:50:34.117096+00:002024-08-07T17:53:04.140351+00:002024-08-07T17:55:34.096520+00:002024-08-07T17:58:04.075302+00:00,05:30 AM05:38 AM05:50 AM05:53 AM05:55 AM05:58 AM,off_peak,0.07938000000028879
2024-08-08 06:00:00+12:00,2.899999999997817,2024-08-07T18:00:34.164873+00:002024-08-07T18:02:34.190324+00:002024-08-07T18:04:04.114755+00:002024-08-07T18:05:04.211909+00:002024-08-07T18:06:04.115820+00:002024-08-07T18:07:04.109420+00:002024-08-07T18:08:04.117053+00:002024-08-07T18:09:04.136259+00:002024-08-07T18:10:04.168776+00:002024-08-07T18:11:04.580501+00:002024-08-07T18:12:04.075293+00:002024-08-07T18:13:04.096936+00:002024-08-07T18:13:34.092039+00:002024-08-07T18:14:34.097676+00:002024-08-07T18:15:04.142003+00:002024-08-07T18:15:34.164212+00:002024-08-07T18:16:04.164188+00:002024-08-07T18:17:04.081649+00:002024-08-07T18:17:34.081805+00:002024-08-07T18:18:04.090730+00:002024-08-07T18:19:04.334214+00:002024-08-07T18:20:04.133553+00:002024-08-07T18:21:04.116102+00:002024-08-07T18:22:04.119762+00:002024-08-07T18:23:04.132461+00:002024-08-07T18:24:34.139255+00:002024-08-07T18:25:34.207245+00:002024-08-07T18:27:04.042711+00:002024-08-07T18:28:34.058724+00:00,06:00 AM06:02 AM06:04 AM06:05 AM06:06 AM06:07 AM06:08 AM06:09 AM06:10 AM06:11 AM06:12 AM06:13 AM06:13 AM06:14 AM06:15 AM06:15 AM06:16 AM06:17 AM06:17 AM06:18 AM06:19 AM06:20 AM06:21 AM06:22 AM06:23 AM06:24 AM06:25 AM06:27 AM06:28 AM,off_peak,0.38366999999971124
2024-08-08 06:30:00+12:00,1.6000000000021828,2024-08-07T18:30:34.144913+00:002024-08-07T18:32:34.081609+00:002024-08-07T18:34:04.198968+00:002024-08-07T18:35:34.128151+00:002024-08-07T18:37:34.120701+00:002024-08-07T18:39:34.140794+00:002024-08-07T18:41:04.097165+00:002024-08-07T18:43:04.053257+00:002024-08-07T18:45:04.144143+00:002024-08-07T18:47:04.068830+00:002024-08-07T18:48:34.032639+00:002024-08-07T18:50:04.101632+00:002024-08-07T18:52:04.131669+00:002024-08-07T18:54:35.391199+00:002024-08-07T18:57:05.132419+00:002024-08-07T18:59:05.032476+00:00,06:30 AM06:32 AM06:34 AM06:35 AM06:37 AM06:39 AM06:41 AM06:43 AM06:45 AM06:47 AM06:48 AM06:50 AM06:52 AM06:54 AM06:57 AM06:59 AM,off_peak,0.21168000000028878
2024-08-08 09:00:00+12:00,0.4000000000014552,2024-08-07T21:04:58.137861+00:002024-08-07T21:08:28.065899+00:002024-08-07T21:17:28.117676+00:002024-08-07T21:23:58.025581+00:00,09:04 AM09:08 AM09:17 AM09:23 AM,off_peak_shoulder,0.0740800000002695
2024-08-08 09:30:00+12:00,0.09999999999854481,2024-08-07T21:44:58.150801+00:00,09:44 AM,off_peak_shoulder,0.0185199999997305
2024-08-08 10:00:00+12:00,3.0,2024-08-07T22:02:28.121084+00:002024-08-07T22:03:28.114351+00:002024-08-07T22:04:28.039869+00:002024-08-07T22:05:28.171396+00:002024-08-07T22:06:28.138895+00:002024-08-07T22:06:58.153801+00:002024-08-07T22:07:58.097736+00:002024-08-07T22:08:58.041774+00:002024-08-07T22:09:58.051305+00:002024-08-07T22:10:58.061230+00:002024-08-07T22:12:28.061996+00:002024-08-07T22:13:28.067533+00:002024-08-07T22:14:28.083834+00:002024-08-07T22:15:28.151565+00:002024-08-07T22:15:58.166553+00:002024-08-07T22:16:28.051595+00:002024-08-07T22:16:58.145321+00:002024-08-07T22:17:58.141871+00:002024-08-07T22:18:28.123339+00:002024-08-07T22:18:58.147501+00:002024-08-07T22:19:58.155402+00:002024-08-07T22:20:58.139279+00:002024-08-07T22:21:58.168155+00:002024-08-07T22:23:28.051439+00:002024-08-07T22:24:28.059581+00:002024-08-07T22:25:28.150707+00:002024-08-07T22:26:28.064929+00:002024-08-07T22:27:28.078605+00:002024-08-07T22:28:28.085108+00:002024-08-07T22:28:58.057625+00:00,10:02 AM10:03 AM10:04 AM10:05 AM10:06 AM10:06 AM10:07 AM10:08 AM10:09 AM10:10 AM10:12 AM10:13 AM10:14 AM10:15 AM10:15 AM10:16 AM10:16 AM10:17 AM10:18 AM10:18 AM10:19 AM10:20 AM10:21 AM10:23 AM10:24 AM10:25 AM10:26 AM10:27 AM10:28 AM10:28 AM,off_peak_shoulder,0.5556
2024-08-08 10:30:00+12:00,3.2000000000007276,2024-08-07T22:30:28.086104+00:002024-08-07T22:31:28.099118+00:002024-08-07T22:32:58.097106+00:002024-08-07T22:33:58.114002+00:002024-08-07T22:34:58.133436+00:002024-08-07T22:35:58.139059+00:002024-08-07T22:36:58.134090+00:002024-08-07T22:37:58.051040+00:002024-08-07T22:38:58.078940+00:002024-08-07T22:39:28.062138+00:002024-08-07T22:40:28.064595+00:002024-08-07T22:41:28.131696+00:002024-08-07T22:42:28.084638+00:002024-08-07T22:43:28.083320+00:002024-08-07T22:44:58.076325+00:002024-08-07T22:46:02.424566+00:002024-08-07T22:46:33.258239+00:002024-08-07T22:47:33.126938+00:002024-08-07T22:48:33.118361+00:002024-08-07T22:49:33.142350+00:002024-08-07T22:50:03.167728+00:002024-08-07T22:51:03.142080+00:002024-08-07T22:52:03.161897+00:002024-08-07T22:52:33.064648+00:002024-08-07T22:53:33.073185+00:002024-08-07T22:54:03.159777+00:002024-08-07T22:55:03.195665+00:002024-08-07T22:55:33.079189+00:002024-08-07T22:56:33.095395+00:002024-08-07T22:58:03.171653+00:002024-08-07T22:59:03.168210+00:002024-08-07T22:59:33.127877+00:00,10:30 AM10:31 AM10:32 AM10:33 AM10:34 AM10:35 AM10:36 AM10:37 AM10:38 AM10:39 AM10:40 AM10:41 AM10:42 AM10:43 AM10:44 AM10:46 AM10:46 AM10:47 AM10:48 AM10:49 AM10:50 AM10:51 AM10:52 AM10:52 AM10:53 AM10:54 AM10:55 AM10:55 AM10:56 AM10:58 AM10:59 AM10:59 AM,off_peak_shoulder,0.5926400000001347
2024-08-08 11:00:00+12:00,2.400000000001455,2024-08-07T23:00:33.165107+00:002024-08-07T23:01:33.106606+00:002024-08-07T23:02:03.155277+00:002024-08-07T23:03:03.179665+00:002024-08-07T23:04:03.198904+00:002024-08-07T23:05:03.165831+00:002024-08-07T23:06:03.143171+00:002024-08-07T23:06:33.073029+00:002024-08-07T23:08:03.148486+00:002024-08-07T23:09:03.151780+00:002024-08-07T23:10:03.175543+00:002024-08-07T23:11:03.168961+00:002024-08-07T23:12:03.190821+00:002024-08-07T23:13:03.182203+00:002024-08-07T23:14:03.146232+00:002024-08-07T23:14:33.140649+00:002024-08-07T23:15:33.164148+00:002024-08-07T23:16:03.229669+00:002024-08-07T23:18:03.179656+00:002024-08-07T23:20:03.172426+00:002024-08-07T23:21:33.070411+00:002024-08-07T23:23:03.182900+00:002024-08-07T23:25:03.154262+00:002024-08-07T23:27:33.106364+00:00,11:00 AM11:01 AM11:02 AM11:03 AM11:04 AM11:05 AM11:06 AM11:06 AM11:08 AM11:09 AM11:10 AM11:11 AM11:12 AM11:13 AM11:14 AM11:14 AM11:15 AM11:16 AM11:18 AM11:20 AM11:21 AM11:23 AM11:25 AM11:27 AM,off_peak_shoulder,0.4444800000002695
2024-08-08 11:30:00+12:00,0.2999999999992724,2024-08-07T23:37:03.134122+00:002024-08-07T23:40:03.190701+00:002024-08-07T23:53:03.157730+00:00,11:37 AM11:40 AM11:53 AM,off_peak_shoulder,0.05555999999986525
2024-08-08 12:00:00+12:00,1.7000000000007276,2024-08-08T00:00:33.338892+00:002024-08-08T00:01:33.137183+00:002024-08-08T00:02:33.265273+00:002024-08-08T00:03:33.134925+00:002024-08-08T00:04:03.286442+00:002024-08-08T00:06:03.183601+00:002024-08-08T00:09:34.082870+00:002024-08-08T00:12:04.098375+00:002024-08-08T00:13:34.122545+00:002024-08-08T00:14:34.093106+00:002024-08-08T00:15:04.177108+00:002024-08-08T00:16:04.185924+00:002024-08-08T00:17:34.134534+00:002024-08-08T00:18:34.052794+00:002024-08-08T00:19:34.045500+00:002024-08-08T00:23:04.097828+00:002024-08-08T00:26:34.084941+00:00,12:00 PM12:01 PM12:02 PM12:03 PM12:04 PM12:06 PM12:09 PM12:12 PM12:13 PM12:14 PM12:15 PM12:16 PM12:17 PM12:18 PM12:19 PM12:23 PM12:26 PM,off_peak_shoulder,0.31484000000013473
2024-08-08 12:30:00+12:00,0.5999999999985448,2024-08-08T00:36:34.222557+00:002024-08-08T00:40:04.185732+00:002024-08-08T00:49:34.040575+00:002024-08-08T00:50:34.247888+00:002024-08-08T00:51:34.059117+00:002024-08-08T00:53:04.070136+00:00,12:36 PM12:40 PM12:49 PM12:50 PM12:51 PM12:53 PM,off_peak_shoulder,0.1111199999997305
2024-08-08 13:00:00+12:00,2.2000000000007276,2024-08-08T01:00:34.155627+00:002024-08-08T01:02:34.254595+00:002024-08-08T01:04:34.045255+00:002024-08-08T01:14:04.236480+00:002024-08-08T01:16:34.134536+00:002024-08-08T01:17:34.220380+00:002024-08-08T01:18:34.208682+00:002024-08-08T01:19:04.134062+00:002024-08-08T01:20:04.034198+00:002024-08-08T01:20:34.065672+00:002024-08-08T01:21:04.058252+00:002024-08-08T01:22:04.062740+00:002024-08-08T01:23:04.073900+00:002024-08-08T01:24:04.089378+00:002024-08-08T01:25:04.084820+00:002024-08-08T01:25:34.084461+00:002024-08-08T01:26:04.083389+00:002024-08-08T01:27:04.085736+00:002024-08-08T01:27:34.092539+00:002024-08-08T01:28:04.037259+00:002024-08-08T01:29:04.033931+00:002024-08-08T01:29:34.102922+00:00,01:00 PM01:02 PM01:04 PM01:14 PM01:16 PM01:17 PM01:18 PM01:19 PM01:20 PM01:20 PM01:21 PM01:22 PM01:23 PM01:24 PM01:25 PM01:25 PM01:26 PM01:27 PM01:27 PM01:28 PM01:29 PM01:29 PM,off_peak_shoulder,0.40744000000013475
2024-08-08 13:30:00+12:00,4.200000000000728,2024-08-08T01:30:34.183832+00:002024-08-08T01:31:04.140807+00:002024-08-08T01:32:04.120760+00:002024-08-08T01:33:04.178236+00:002024-08-08T01:33:34.056173+00:002024-08-08T01:34:34.248152+00:002024-08-08T01:35:34.054725+00:002024-08-08T01:36:04.064438+00:002024-08-08T01:37:04.074573+00:002024-08-08T01:37:34.086810+00:002024-08-08T01:38:34.240132+00:002024-08-08T01:39:04.070737+00:002024-08-08T01:39:34.082960+00:002024-08-08T01:40:34.079951+00:002024-08-08T01:41:04.025579+00:002024-08-08T01:41:34.085058+00:002024-08-08T01:42:04.034484+00:002024-08-08T01:42:34.082264+00:002024-08-08T01:43:34.143577+00:002024-08-08T01:44:04.037069+00:002024-08-08T01:44:34.095371+00:002024-08-08T01:45:34.191833+00:002024-08-08T01:46:34.376526+00:002024-08-08T01:47:04.052852+00:002024-08-08T01:48:04.142786+00:002024-08-08T01:48:34.126004+00:002024-08-08T01:49:34.113915+00:002024-08-08T01:50:04.051479+00:002024-08-08T01:50:34.164582+00:002024-08-08T01:51:34.056894+00:002024-08-08T01:52:04.048512+00:002024-08-08T01:52:34.075511+00:002024-08-08T01:53:04.067253+00:002024-08-08T01:53:34.057740+00:002024-08-08T01:54:34.067456+00:002024-08-08T01:55:04.053519+00:002024-08-08T01:56:04.126331+00:002024-08-08T01:57:04.081588+00:002024-08-08T01:57:34.117137+00:002024-08-08T01:58:04.132927+00:002024-08-08T01:59:04.094787+00:002024-08-08T01:59:34.099604+00:00,01:30 PM01:31 PM01:32 PM01:33 PM01:33 PM01:34 PM01:35 PM01:36 PM01:37 PM01:37 PM01:38 PM01:39 PM01:39 PM01:40 PM01:41 PM01:41 PM01:42 PM01:42 PM01:43 PM01:44 PM01:44 PM01:45 PM01:46 PM01:47 PM01:48 PM01:48 PM01:49 PM01:50 PM01:50 PM01:51 PM01:52 PM01:52 PM01:53 PM01:53 PM01:54 PM01:55 PM01:56 PM01:57 PM01:57 PM01:58 PM01:59 PM01:59 PM,off_peak_shoulder,0.7778400000001348
2024-08-08 14:00:00+12:00,2.7999999999992724,2024-08-08T02:00:04.156928+00:002024-08-08T02:00:34.176359+00:002024-08-08T02:01:04.221289+00:002024-08-08T02:01:34.118656+00:002024-08-08T02:02:04.122260+00:002024-08-08T02:02:34.232461+00:002024-08-08T02:03:04.184706+00:002024-08-08T02:04:04.264228+00:002024-08-08T02:04:34.137817+00:002024-08-08T02:05:34.048696+00:002024-08-08T02:06:34.171616+00:002024-08-08T02:07:34.053377+00:002024-08-08T02:08:34.064546+00:002024-08-08T02:09:34.034352+00:002024-08-08T02:10:34.174964+00:002024-08-08T02:11:34.083102+00:002024-08-08T02:12:04.087149+00:002024-08-08T02:13:04.071996+00:002024-08-08T02:13:34.088639+00:002024-08-08T02:14:04.096071+00:002024-08-08T02:15:04.330565+00:002024-08-08T02:17:04.167858+00:002024-08-08T02:20:34.165267+00:002024-08-08T02:22:04.085355+00:002024-08-08T02:23:34.064624+00:002024-08-08T02:25:04.304851+00:002024-08-08T02:26:34.076852+00:002024-08-08T02:29:04.143934+00:00,02:00 PM02:00 PM02:01 PM02:01 PM02:02 PM02:02 PM02:03 PM02:04 PM02:04 PM02:05 PM02:06 PM02:07 PM02:08 PM02:09 PM02:10 PM02:11 PM02:12 PM02:13 PM02:13 PM02:14 PM02:15 PM02:17 PM02:20 PM02:22 PM02:23 PM02:25 PM02:26 PM02:29 PM,off_peak_shoulder,0.5185599999998652
2024-08-08 14:30:00+12:00,1.5,2024-08-08T02:32:04.123504+00:002024-08-08T02:33:04.052612+00:002024-08-08T02:34:04.033036+00:002024-08-08T02:34:34.115828+00:002024-08-08T02:36:04.225078+00:002024-08-08T02:40:04.076257+00:002024-08-08T02:44:04.126643+00:002024-08-08T02:46:04.145161+00:002024-08-08T02:50:34.258471+00:002024-08-08T02:53:34.064274+00:002024-08-08T02:54:34.075950+00:002024-08-08T02:56:04.087929+00:002024-08-08T02:57:04.079259+00:002024-08-08T02:58:04.255302+00:002024-08-08T02:59:04.640569+00:00,02:32 PM02:33 PM02:34 PM02:34 PM02:36 PM02:40 PM02:44 PM02:46 PM02:50 PM02:53 PM02:54 PM02:56 PM02:57 PM02:58 PM02:59 PM,off_peak_shoulder,0.2778
2024-08-08 15:00:00+12:00,0.8999999999978172,2024-08-08T03:02:04.113015+00:002024-08-08T03:07:04.154099+00:002024-08-08T03:09:04.063746+00:002024-08-08T03:12:34.085830+00:002024-08-08T03:18:04.123917+00:002024-08-08T03:20:04.135245+00:002024-08-08T03:23:04.041873+00:002024-08-08T03:27:34.099593+00:002024-08-08T03:28:34.076482+00:00,03:02 PM03:07 PM03:09 PM03:12 PM03:18 PM03:20 PM03:23 PM03:27 PM03:28 PM,off_peak_shoulder,0.16667999999959576
2024-08-08 15:30:00+12:00,1.2000000000007276,2024-08-08T03:30:04.162945+00:002024-08-08T03:31:04.192579+00:002024-08-08T03:35:04.136518+00:002024-08-08T03:38:34.052791+00:002024-08-08T03:40:34.073275+00:002024-08-08T03:41:34.077867+00:002024-08-08T03:42:34.086458+00:002024-08-08T03:44:04.024876+00:002024-08-08T03:48:04.094178+00:002024-08-08T03:50:34.287619+00:002024-08-08T03:52:04.042868+00:002024-08-08T03:56:04.042508+00:00,03:30 PM03:31 PM03:35 PM03:38 PM03:40 PM03:41 PM03:42 PM03:44 PM03:48 PM03:50 PM03:52 PM03:56 PM,off_peak_shoulder,0.22224000000013475
2024-08-08 16:00:00+12:00,1.7000000000007276,2024-08-08T04:00:04.160826+00:002024-08-08T04:02:04.112208+00:002024-08-08T04:04:04.127894+00:002024-08-08T04:10:04.063279+00:002024-08-08T04:12:34.082457+00:002024-08-08T04:14:04.031480+00:002024-08-08T04:17:04.135583+00:002024-08-08T04:21:04.123268+00:002024-08-08T04:22:04.140785+00:002024-08-08T04:23:04.217324+00:002024-08-08T04:24:04.063445+00:002024-08-08T04:25:04.061916+00:002024-08-08T04:26:04.072771+00:002024-08-08T04:27:04.077039+00:002024-08-08T04:27:34.072596+00:002024-08-08T04:28:34.075577+00:002024-08-08T04:29:34.069370+00:00,04:00 PM04:02 PM04:04 PM04:10 PM04:12 PM04:14 PM04:17 PM04:21 PM04:22 PM04:23 PM04:24 PM04:25 PM04:26 PM04:27 PM04:27 PM04:28 PM04:29 PM,off_peak_shoulder,0.31484000000013473
2024-08-08 16:30:00+12:00,2.099999999998545,2024-08-08T04:30:34.169507+00:002024-08-08T04:31:04.194338+00:002024-08-08T04:32:04.114013+00:002024-08-08T04:32:34.037512+00:002024-08-08T04:34:34.272606+00:002024-08-08T04:36:34.224085+00:002024-08-08T04:38:04.066309+00:002024-08-08T04:39:34.062897+00:002024-08-08T04:40:34.064427+00:002024-08-08T04:42:04.083516+00:002024-08-08T04:43:34.073942+00:002024-08-08T04:46:04.125004+00:002024-08-08T04:48:34.121369+00:002024-08-08T04:50:04.120909+00:002024-08-08T04:51:34.133410+00:002024-08-08T04:52:34.123816+00:002024-08-08T04:53:34.039629+00:002024-08-08T04:55:04.056930+00:002024-08-08T04:57:04.074448+00:002024-08-08T04:58:34.089070+00:002024-08-08T04:59:04.082865+00:00,04:30 PM04:31 PM04:32 PM04:32 PM04:34 PM04:36 PM04:38 PM04:39 PM04:40 PM04:42 PM04:43 PM04:46 PM04:48 PM04:50 PM04:51 PM04:52 PM04:53 PM04:55 PM04:57 PM04:58 PM04:59 PM,off_peak_shoulder,0.3889199999997305
